Word,Negative,Positive
,,
abandoning,1,0
abandonment,1,0
abandonments,1,0
abandons,1,0
abducted,1,0
abduction,1,0
abductions,1,0
abilities,0,1
ability,0,1
aboard,0,1
absolve,0,1
absolved,0,1
absolves,0,1
absolving,0,1
abuse,1,0
abused,1,0
abuser,1,0
abusers,1,0
abuses,1,0
abusing,1,0
abusive,1,0
abusively,1,0
abusiveness,1,0
abusivenesses,1,0
accept,0,1
acceptabilities,0,1
acceptability,0,1
acceptable,0,1
acceptableness,0,1
acceptably,0,1
acceptance,0,1
acceptances,0,1
acceptant,0,1
acceptation,0,1
acceptations,0,1
accepted,0,1
accepting,0,1
accepts,0,1
accident,1,0
accidental,1,0
accidentally,1,0
accidents,1,0
accomplish,0,1
accomplished,0,1
accomplishes,0,1
accusation,1,0
accusations,1,0
accuse,1,0
accused,1,0
accuses,1,0
accusing,1,0
achievable,0,1
active,0,1
actively,0,1
activeness,0,1
activenesses,0,1
actives,0,1
adequate,0,1
admirability,0,1
admirable,0,1
admirableness,0,1
admirably,0,1
admiral,0,1
admirals,0,1
admiralties,0,1
admiralty,0,1
admiration,0,1
admirations,0,1
admire,0,1
admired,0,1
admirer,0,1
admirers,0,1
admires,0,1
admiring,0,1
admiringly,0,1
adorability,0,1
adorable,0,1
adorableness,0,1
adorably,0,1
adoration,0,1
adorations,0,1
adore,0,1
adored,0,1
adorer,0,1
adorers,0,1
adores,0,1
adoring,0,1
adoringly,0,1
advanced,0,1
advantage,0,1
advantaged,0,1
advantageous,0,1
adverse,1,0
adversely,1,0
adverseness,1,0
adversities,1,0
adversity,1,0
affected,1,0
affection,0,1
affectional,0,1
affectionally,0,1
affectionate,0,1
affectionately,0,1
affectioned,0,1
affectionless,0,1
affections,0,1
afflicted,0,1
affronted,0,1
aggravate,1,0
aggravated,1,0
aggravates,1,0
aggravating,1,0
aggress,1,0
aggressed,1,0
aggresses,1,0
aggressing,1,0
aggression,1,0
aggressions,1,0
aggressive,1,0
aggressively,1,0
aggressiveness,1,0
aggressivities,1,0
aggressivity,1,0
aggressor,1,0
aggressors,1,0
agitate,1,0
agitated,1,0
agitatedly,1,0
agitates,1,0
agitating,1,0
agitation,1,0
agitational,1,0
agitations,1,0
agitative,1,0
agonise,1,0
agonised,1,0
agonises,1,0
agonising,1,0
agonize,1,0
agonized,1,0
agonizes,1,0
agonizing,1,0
agonizingly,1,0
agony,1,0
agree,0,1
agreeability,0,1
agreeable,0,1
agreeableness,0,1
agreeablenesses,0,1
agreeably,0,1
agreed,0,1
agreeing,0,1
agreement,0,1
agreements,0,1
agrees,0,1
alarm,1,0
alarmed,1,0
alarming,1,0
alarmingly,1,0
alert,1,0
alright,0,1
amaze,0,1
amazed,0,1
amazedly,0,1
amazement,0,1
amazements,0,1
amazes,0,1
amazing,0,1
ambitious,0,1
amusable,0,1
amuse,0,1
amused,0,1
amusedly,0,1
amusement,0,1
amusements,0,1
amuser,0,1
amusers,0,1
amuses,0,1
amusing,0,1
amusingly,0,1
amusingness,0,1
amusive,0,1
anger,1,0
angered,1,0
angering,1,0
angerly,1,0
angers,1,0
angrier,1,0
angriest,1,0
angrily,1,0
angriness,1,0
angry,1,0
anguish,1,0
anguished,1,0
anguishes,1,0
anguishing,1,0
animosity,1,0
annoy,1,0
annoyance,1,0
annoyances,1,0
annoyed,1,0
annoyer,1,0
annoyers,1,0
annoying,1,0
annoys,1,0
antagonism,1,0
antagonisms,1,0
antagonist,1,0
antagonistic,1,0
antagonistically,1,0
antagonists,1,0
antagonize,1,0
antagonized,1,0
antagonizes,1,0
antagonizing,1,0
anti,1,0
anticipation,0,1
anxieties,1,0
anxiety,1,0
anxious,1,0
anxiously,1,0
anxiousness,1,0
apologise,0,1
apologised,0,1
apologises,0,1
apologising,0,1
apologize,0,1
apologized,0,1
apologizes,0,1
apologizing,0,1
apology,0,1
appease,0,1
appeased,0,1
appeases,0,1
appeasing,0,1
applaud,0,1
applauded,0,1
applauding,0,1
applauds,0,1
applause,0,1
appreciate,0,1
appreciated,0,1
appreciates,0,1
appreciating,0,1
appreciation,0,1
appreciations,0,1
appreciative,0,1
appreciatively,0,1
appreciativeness,0,1
appreciator,0,1
appreciators,0,1
appreciatory,0,1
apprehensible,0,1
approval,0,1
approved,0,1
approves,0,1
arguable,1,0
arguably,1,0
argue,1,0
argued,1,0
arguer,1,0
arguers,1,0
argues,1,0
arguing,1,0
argument,1,0
argumentative,1,0
argumentatively,1,0
argumentive,1,0
arguments,1,0
arrest,1,0
arrested,1,0
arrests,1,0
arrogance,1,0
arrogances,1,0
arrogant,1,0
arrogantly,1,0
ashamed,1,0
ashamedly,1,0
ass,1,0
assassination,1,0
assassinations,1,0
assault,1,0
assaulted,1,0
assaulting,1,0
assaultive,1,0
assaults,1,0
asset,0,1
assets,0,1
assholes,1,0
assure,0,1
assured,0,1
assuredly,0,1
assuredness,0,1
assurer,0,1
assurers,0,1
assures,0,1
assurgent,0,1
assuring,0,1
assuror,0,1
assurors,0,1
astonished,0,1
astound,0,1
astounded,0,1
astounding,0,1
astoundingly,0,1
astounds,0,1
attachment,0,1
attachments,0,1
attack,1,0
attacked,1,0
attacker,1,0
attackers,1,0
attacking,1,0
attacks,0,1
attract,0,1
attractancy,0,1
attractant,0,1
attractants,0,1
attracted,0,1
attracting,0,1
attraction,0,1
attractions,0,1
attractive,0,1
attractively,0,1
attractiveness,0,1
attractivenesses,0,1
attractor,0,1
attractors,0,1
attracts,0,1
avid,1,0
avoid,1,0
avoidance,1,0
avoidances,1,0
avoided,1,0
avoider,1,0
avoiders,1,0
avoiding,1,0
avoids,1,0
await,0,1
awaited,0,1
awaits,0,1
award,0,1
awardable,0,1
awarded,0,1
awardee,0,1
awardees,0,1
awarder,0,1
awarders,0,1
awarding,0,1
awards,0,1
awesome,0,1
awful,1,0
awkward,1,0
awkwardly,1,0
awkwardness,1,0
backed,0,1
backing,0,1
backs,0,1
bad,1,0
badass,1,0
badly,1,0
bailout,1,0
bamboozle,1,0
bamboozled,1,0
bamboozles,1,0
ban,1,0
banish,1,0
bankrupt,1,0
bankster,1,0
banned,1,0
bargain,1,0
barrier,1,0
bashful,1,0
bashfully,1,0
bashfulness,1,0
bastard,1,0
bastardies,1,0
bastardise,1,0
bastardised,1,0
bastardises,1,0
bastardising,1,0
bastardization,1,0
bastardizations,1,0
bastardize,1,0
bastardized,1,0
bastardizes,1,0
bastardizing,1,0
bastardly,1,0
bastards,1,0
bastardy,1,0
battle,1,0
battled,1,0
battlefield,1,0
battlefields,1,0
battlefront,1,0
battlefronts,1,0
battleground,1,0
battlegrounds,1,0
battlement,1,0
battlements,1,0
battler,1,0
battlers,1,0
battles,1,0
battleship,1,0
battleships,1,0
battlewagon,1,0
battlewagons,1,0
battling,1,0
beaten,1,0
beatific,1,0
beating,1,0
beaut,0,1
beauteous,0,1
beauteously,0,1
beauteousness,0,1
beautician,0,1
beauticians,0,1
beauties,0,1
beautification,0,1
beautifications,0,1
beautified,0,1
beautifier,0,1
beautifiers,0,1
beautifies,0,1
beautiful,0,1
beautifuler,0,1
beautifulest,0,1
beautifully,0,1
beautifulness,0,1
beautify,0,1
beautifying,0,1
beauts,0,1
beauty,0,1
belittle,1,0
belittled,1,0
beloved,0,1
benefic,0,1
benefice,0,1
beneficed,0,1
beneficence,0,1
beneficences,0,1
beneficent,0,1
beneficently,0,1
benefices,0,1
beneficial,0,1
beneficially,0,1
beneficialness,0,1
beneficiaries,0,1
beneficiary,0,1
beneficiate,0,1
beneficiation,0,1
benefit,0,1
benefits,0,1
benefitted,0,1
benefitting,0,1
benevolence,0,1
benevolences,0,1
benevolent,0,1
benevolently,0,1
benevolentness,0,1
benign,0,1
benignancy,0,1
benignant,0,1
benignantly,0,1
benignities,0,1
benignity,0,1
benignly,0,1
bereave,0,1
bereaved,0,1
bereaves,0,1
bereaving,0,1
best,0,1
betray,1,0
betrayal,1,0
betrayed,1,0
betraying,1,0
betrays,1,0
better,0,1
bias,1,0
biased,1,0
bitch,1,0
bitched,1,0
bitcheries,1,0
bitchery,1,0
bitches,1,0
bitchier,1,0
bitchiest,1,0
bitchily,1,0
bitchiness,1,0
bitching,1,0
bitchy,1,0
bitter,1,0
bitterbrush,1,0
bitterbrushes,1,0
bittered,1,0
bitterer,1,0
bitterest,1,0
bittering,1,0
bitterish,1,0
bitterly,1,0
bittern,1,0
bitterness,1,0
bitterns,1,0
bitterroots,1,0
bitters,1,0
bittersweet,1,0
bittersweetness,1,0
bittersweets,1,0
bitterweeds,1,0
bizarre,1,0
blah,1,0
blam,1,0
blamable,1,0
blamably,1,0
blame,1,0
blamed,1,0
blameful,1,0
blamefully,1,0
blameless,0,1
blamelessly,0,1
blamelessness,1,0
blamer,1,0
blamers,1,0
blames,1,0
blameworthiness,1,0
blameworthy,1,0
blaming,1,0
bless,0,1
blessed,0,1
blesseder,0,1
blessedest,0,1
blessedly,0,1
blessedness,0,1
blesser,0,1
blessers,0,1
blesses,0,1
blessing,0,1
blessings,0,1
blind,1,0
bliss,0,1
blissful,0,1
blithe,0,1
block,1,0
blockbuster,1,0
blocked,1,0
blocking,1,0
blocks,1,0
bloody,1,0
blurry,1,0
bold,0,1
bolder,0,1
boldest,0,1
boldface,0,1
boldfaced,0,1
boldfaces,0,1
boldfacing,0,1
boldly,0,1
boldness,0,1
boldnesses,0,1
bolds,0,1
bomb,1,0
bonus,0,1
bonuses,0,1
boost,0,1
boosted,0,1
boosting,0,1
boosts,0,1
bore,1,0
boreal,1,0
bored,1,0
boredom,1,0
boredoms,1,0
boresome,1,0
boring,1,0
bothered,1,0
bothering,1,0
bothers,1,0
bothersome,1,0
boycott,1,0
boycotted,1,0
boycotting,1,0
boycotts,1,0
brainwashing,1,0
brave,0,1
braved,0,1
bravely,0,1
braver,0,1
braveries,0,1
bravery,0,1
braves,0,1
bravest,0,1
breathtaking,0,1
bribe,1,0
bright,0,1
brighten,0,1
brightened,0,1
brightener,0,1
brighteners,0,1
brightening,0,1
brightens,0,1
brighter,0,1
brightest,0,1
brightly,0,1
brightness,0,1
brightnesses,0,1
brights,0,1
brightwork,0,1
brilliance,0,1
brilliances,0,1
brilliancies,0,1
brilliancy,0,1
brilliant,0,1
brilliantine,0,1
brilliantines,0,1
brilliantly,0,1
brilliants,0,1
broke,1,0
broken,1,0
brooding,1,0
brutal,1,0
brutalise,1,0
brutalised,1,0
brutalises,1,0
brutalising,1,0
brutalities,1,0
brutality,1,0
brutalization,1,0
brutalizations,1,0
brutalize,1,0
brutalized,1,0
brutalizes,1,0
brutalizing,1,0
brutally,1,0
bullied,1,0
bullshit,1,0
bully,1,0
bullying,1,0
bummer,1,0
buoyant,1,0
burden,1,0
burdened,1,0
burdener,1,0
burdeners,1,0
burdening,1,0
burdens,1,0
burdensome,1,0
calm,0,1
calmative,0,1
calmatives,0,1
calmed,0,1
calmer,0,1
calmest,0,1
calming,0,1
calmly,0,1
calmness,0,1
calmnesses,0,1
calmodulin,0,1
calms,0,1
can't,1,0
cancel,1,0
cancelled,1,0
cancelling,1,0
cancels,1,0
cancer,1,0
capable,0,1
captivated,0,1
care,0,1
cared,0,1
carefree,0,1
careful,0,1
carefully,0,1
carefulness,0,1
careless,1,0
carelessly,1,0
carelessness,1,0
carelessnesses,1,0
cares,0,1
caring,0,1
casual,0,1
casually,0,1
casualty,1,0
catastrophe,1,0
catastrophic,1,0
cautious,0,1
celebrate,0,1
celebrated,0,1
celebrates,0,1
celebrating,0,1
censor,1,0
censored,1,0
censors,1,0
certain,0,1
certainly,0,1
certainties,0,1
certainty,0,1
challenge,0,1
challenged,1,0
challenger,0,1
challengers,0,1
challenges,0,1
challenging,0,1
challengingly,0,1
champ,0,1
champagne,0,1
champagnes,0,1
champaign,0,1
champion,0,1
championed,0,1
championing,0,1
champions,0,1
championship,0,1
championships,0,1
champs,0,1
champy,0,1
chance,0,1
chances,0,1
chaos,1,0
chaotic,1,0
charged,1,0
charitable,0,1
charitableness,0,1
charitablenesses,0,1
charitably,0,1
charities,0,1
charity,0,1
charm,0,1
charmed,0,1
charmer,0,1
charmers,0,1
charmeuse,0,1
charmeuses,0,1
charming,0,1
charminger,0,1
charmingest,0,1
charmingly,0,1
charmless,0,1
charms,0,1
chastise,0,1
chastised,0,1
chastises,0,1
chastising,0,1
cheat,1,0
cheated,1,0
cheater,1,0
cheaters,1,0
cheating,1,0
cheats,1,0
cheer,0,1
cheered,0,1
cheerer,0,1
cheerers,0,1
cheerful,0,1
cheerfuller,0,1
cheerfullest,0,1
cheerfully,0,1
cheerfulness,0,1
cheerier,0,1
cheeriest,0,1
cheerily,0,1
cheeriness,0,1
cheering,0,1
cheerio,0,1
cheerlead,0,1
cheerleader,0,1
cheerleaders,0,1
cheerleading,0,1
cheerleads,0,1
cheerled,0,1
cheerless,0,1
cheerlessly,0,1
cheerlessness,0,1
cheerly,0,1
cheers,0,1
cheery,0,1
cherish,0,1
cherishable,0,1
cherished,0,1
cherisher,0,1
cherishers,0,1
cherishes,0,1
cherishing,0,1
chic,0,1
childish,0,1
chilling,0,1
choke,1,0
choked,1,0
chokes,1,0
choking,1,0
chuckle,1,0
chuckled,1,0
chucklehead,1,0
chuckleheaded,1,0
chuckleheads,1,0
chuckler,1,0
chucklers,1,0
chuckles,1,0
chucklesome,0,1
chuckling,0,1
chucklingly,0,1
clarifies,0,1
clarity,0,1
classy,0,1
clean,0,1
cleaner,0,1
clear,0,1
cleared,0,1
clearly,0,1
clears,0,1
clever,0,1
cleverer,0,1
cleverest,0,1
cleverish,0,1
cleverly,0,1
cleverness,0,1
clevernesses,0,1
clouded,1,0
clueless,1,0
cock,1,0
cocksucker,1,0
cocksuckers,1,0
cocky,1,0
coerced,1,0
collapse,1,0
collapsed,1,0
collapses,1,0
collapsing,1,0
collide,1,0
collides,1,0
colliding,1,0
collision,1,0
collisions,1,0
colluding,1,0
combat,1,0
combats,1,0
comedian,0,1
comedians,0,1
comedic,0,1
comedically,0,1
comedienne,0,1
comediennes,0,1
comedies,0,1
comedo,0,1
comedones,0,1
comedown,0,1
comedowns,0,1
comedy,0,1
comfort,0,1
comfortable,0,1
comfortableness,0,1
comfortably,0,1
comforted,0,1
comforter,0,1
comforters,0,1
comforting,0,1
comfortingly,0,1
comfortless,0,1
comforts,0,1
commend,0,1
commended,0,1
commit,0,1
commitment,0,1
commitments,0,1
commits,0,1
committed,0,1
committing,0,1
compassion,0,1
compassionate,0,1
compassionated,0,1
compassionately,0,1
compassionateness,0,1
compassionates,0,1
compassionating,0,1
compassionless,0,1
compelled,0,1
compelling,0,1
competent,0,1
competitive,0,1
complacent,0,1
complain,1,0
complainant,1,0
complainants,1,0
complained,1,0
complainer,1,0
complainers,1,0
complaining,1,0
complainingly,1,0
complains,1,0
complaint,1,0
complaints,1,0
compliment,0,1
complimentarily,0,1
complimentary,0,1
complimented,0,1
complimenting,0,1
compliments,0,1
comprehensive,0,1
confidence,0,1
confident,0,1
confidently,0,1
conflict,1,0
conflicting,1,0
conflictive,1,0
conflicts,1,0
confront,1,0
confrontation,1,0
confrontational,1,0
confrontationist,1,0
confrontationists,1,0
confrontations,1,0
confronted,1,0
confronter,1,0
confronters,1,0
confronting,1,0
confronts,1,0
confuse,1,0
confused,1,0
confusedly,1,0
confusedness,1,0
confuses,1,0
confusing,1,0
confusingly,1,0
confusion,1,0
confusional,1,0
confusions,1,0
congrats,0,1
congratulate,0,1
congratulation,0,1
congratulations,0,1
consent,0,1
consents,0,1
considerate,0,1
consolable,0,1
conspiracy,1,0
constrained,1,0
contagion,1,0
contagions,1,0
contagious,1,0
contempt,0,1
contemptibilities,0,1
contemptibility,0,1
contemptible,0,1
contemptibleness,0,1
contemptibly,0,1
contempts,0,1
contemptuous,0,1
contemptuously,0,1
contemptuousness,0,1
contend,0,1
contender,0,1
contented,0,1
contentedly,0,1
contentedness,0,1
contentious,0,1
contentment,0,1
contestable,0,1
contradict,1,0
contradictable,1,0
contradicted,1,0
contradicting,1,0
contradiction,1,0
contradictions,1,0
contradictious,1,0
contradictor,1,0
contradictories,1,0
contradictorily,1,0
contradictoriness,1,0
contradictors,1,0
contradictory,1,0
contradicts,1,0
controversial,1,0
controversially,1,0
convince,0,1
convinced,0,1
convincer,0,1
convincers,0,1
convinces,0,1
convincing,0,1
convincingly,0,1
convincingness,0,1
cool,0,1
courage,0,1
courageous,0,1
courageously,0,1
courageousness,0,1
courteous,0,1
courtesy,0,1
cover-up,1,0
coward,1,0
cowardly,1,0
coziness,0,1
cramp,1,0
crap,1,0
crappy,1,0
crash,1,0
craze,1,0
crazed,1,0
crazes,1,0
crazier,1,0
craziest,1,0
crazily,1,0
craziness,1,0
crazinesses,1,0
crazing,1,0
crazy,1,0
crazyweed,1,0
create,0,1
created,0,1
creates,0,1
creatin,0,1
creation,0,1
creative,0,1
credit,0,1
creditabilities,0,1
creditability,0,1
creditable,0,1
creditableness,0,1
creditably,0,1
credited,0,1
crediting,0,1
creditor,0,1
credits,0,1
creditworthiness,0,1
creditworthy,0,1
cried,1,0
cries,1,0
crime,1,0
criminal,1,0
criminals,1,0
crisis,1,0
critic,1,0
critical,1,0
criticise,1,0
criticised,1,0
criticises,1,0
criticising,1,0
criticism,1,0
criticisms,1,0
criticizable,1,0
criticize,1,0
criticized,1,0
criticizer,1,0
criticizers,1,0
criticizes,1,0
criticizing,1,0
critics,1,0
crude,1,0
crudely,1,0
crudeness,1,0
crudenesses,1,0
cruder,1,0
crudes,1,0
crudest,1,0
cruel,1,0
crueler,1,0
cruelest,1,0
crueller,1,0
cruellest,1,0
cruelly,1,0
cruelness,1,0
cruelties,1,0
cruelty,1,0
crush,1,0
crushed,1,0
crushes,1,0
crushing,1,0
cry,1,0
crying,1,0
cunt,1,0
cunts,1,0
curious,0,1
curse,1,0
cut,0,1
cute,0,1
cutely,0,1
cuteness,0,1
cutenesses,0,1
cuter,0,1
cutes,0,1
cutesie,0,1
cutesier,0,1
cutesiest,0,1
cutest,0,1
cutesy,0,1
cutey,0,1
cuteys,0,1
cutie,0,1
cutiepie,0,1
cuties,0,1
cuts,1,0
cutting,1,0
cynic,1,0
cynical,1,0
cynically,1,0
cynicism,1,0
cynicisms,1,0
cynics,1,0
damage,1,0
damaged,1,0
damager,1,0
damagers,1,0
damages,1,0
damaging,1,0
damagingly,1,0
damn,1,0
damnable,1,0
damnableness,1,0
damnably,1,0
damnation,1,0
damnations,1,0
damnatory,1,0
damned,1,0
damnedest,1,0
damnified,1,0
damnifies,1,0
damnify,1,0
damnifying,1,0
damning,1,0
damningly,1,0
damnit,1,0
damns,1,0
danger,1,0
dangered,1,0
dangering,1,0
dangerous,1,0
dangerously,1,0
dangerousness,1,0
dangers,1,0
daredevil,1,0
daring,0,1
daringly,0,1
daringness,0,1
darings,0,1
darkest,1,0
darkness,1,0
darling,0,1
darlingly,0,1
darlingness,0,1
darlings,0,1
dauntless,0,1
daze,0,1
dazed,0,1
dazedly,0,1
dazedness,0,1
dazes,0,1
dead,1,0
deadlock,1,0
deafening,1,0
dear,0,1
dearer,0,1
dearest,0,1
dearie,0,1
dearies,0,1
dearly,0,1
dearness,0,1
dears,0,1
deceit,1,0
deceitful,1,0
deceive,1,0
deceived,1,0
deceives,1,0
deceiving,1,0
deception,1,0
decisive,1,0
dedicated,0,1
defeat,1,0
defeated,1,0
defeater,1,0
defeaters,1,0
defeating,1,0
defeatism,1,0
defeatist,1,0
defeatists,1,0
defeats,1,0
defeature,1,0
defeatures,1,0
defect,1,0
defected,1,0
defecting,1,0
defection,1,0
defections,1,0
defective,1,0
defectively,1,0
defectiveness,1,0
defectives,1,0
defector,1,0
defectors,1,0
defects,1,0
defence,0,1
defenceman,0,1
defencemen,0,1
defences,0,1
defender,0,1
defenders,0,1
defense,0,1
definite,0,1
definitely,0,1
degradable,1,0
degradation,1,0
degradations,1,0
degradative,1,0
degrade,1,0
degraded,1,0
degrader,1,0
degraders,1,0
degrades,1,0
degrading,1,0
degradingly,1,0
dehumanize,1,0
dehumanized,1,0
dehumanizes,1,0
dehumanizing,1,0
delay,1,0
delayed,1,0
delectable,1,0
delectables,1,0
delectably,1,0
delicate,0,1
delicately,0,1
delicates,0,1
delicatessen,0,1
delicatessens,0,1
delicious,0,1
deliciously,0,1
deliciousness,0,1
delight,0,1
delighted,0,1
delightedly,0,1
delightedness,0,1
delighter,0,1
delighters,0,1
delightful,0,1
delightfully,0,1
delightfulness,0,1
delighting,0,1
delights,0,1
delightsome,0,1
demand,1,0
demanded,1,0
demanding,1,0
demonstration,1,0
demoralized,1,0
denied,1,0
denier,1,0
deniers,1,0
denies,1,0
denounce,1,0
denounces,1,0
deny,1,0
denying,1,0
depress,1,0
depressant,1,0
depressants,1,0
depressed,1,0
depresses,1,0
depressible,1,0
depressing,1,0
depressingly,1,0
depression,1,0
depressions,1,0
depressive,1,0
depressively,1,0
depressives,1,0
depressor,1,0
depressors,1,0
depressurization,1,0
depressurizations,1,0
depressurize,1,0
depressurized,1,0
depressurizes,1,0
depressurizing,1,0
deprival,1,0
deprivals,1,0
deprivation,1,0
deprivations,1,0
deprive,1,0
deprived,1,0
depriver,1,0
deprivers,1,0
deprives,1,0
depriving,1,0
derail,1,0
derailed,1,0
derails,1,0
deride,1,0
derided,1,0
derides,1,0
deriding,1,0
derision,1,0
desirable,0,1
desire,0,1
desired,0,1
desirous,0,1
despair,1,0
despaired,1,0
despairer,1,0
despairers,1,0
despairing,1,0
despairingly,1,0
despairs,1,0
desperate,1,0
desperately,1,0
desperateness,1,0
desperation,1,0
desperations,1,0
despise,1,0
despised,1,0
despisement,1,0
despisements,1,0
despiser,1,0
despisers,1,0
despises,1,0
despising,1,0
despondent,1,0
destroy,1,0
destroyed,1,0
destroyer,1,0
destroyers,1,0
destroying,1,0
destroys,1,0
destruct,1,0
destructed,1,0
destructibility,1,0
destructible,1,0
destructing,1,0
destruction,1,0
destructionist,1,0
destructionists,1,0
destructions,1,0
destructive,1,0
destructively,1,0
destructiveness,1,0
destructivity,1,0
destructs,1,0
detached,1,0
detain,1,0
detained,1,0
detention,1,0
devastate,1,0
devastated,1,0
devastates,1,0
devastating,1,0
devastatingly,1,0
devastation,1,0
devastations,1,0
devastative,1,0
devastator,1,0
devastators,1,0
devil,1,0
deviled,1,0
devilfish,1,0
devilfishes,1,0
deviling,1,0
devilish,1,0
devilishly,1,0
devilishness,1,0
devilkin,1,0
devilled,1,0
devilling,1,0
devilment,1,0
devilments,1,0
devilries,1,0
devilry,1,0
devils,1,0
deviltries,1,0
deviltry,1,0
devilwood,1,0
devilwoods,1,0
devote,0,1
devoted,0,1
devotedly,0,1
devotedness,0,1
devotee,0,1
devotees,0,1
devotement,0,1
devotements,0,1
devotes,0,1
devoting,0,1
devotion,0,1
devotional,0,1
devotionally,0,1
devotionals,0,1
devotions,0,1
diamond,0,1
dick,1,0
dickhead,1,0
die,1,0
died,1,0
difficult,1,0
difficulties,1,0
difficultly,1,0
difficulty,1,0
diffident,1,0
dipshit,1,0
dire,1,0
direful,1,0
dirt,1,0
dirtier,1,0
dirtiest,1,0
dirty,1,0
disabling,1,0
disadvantage,1,0
disadvantaged,1,0
disadvantageous,1,0
disadvantageously,1,0
disadvantageousness,1,0
disadvantages,1,0
disagree,1,0
disagreeable,1,0
disagreeableness,1,0
disagreeablenesses,1,0
disagreeably,1,0
disagreed,1,0
disagreeing,1,0
disagreement,1,0
disagreements,1,0
disagrees,1,0
disappear,1,0
disappeared,1,0
disappears,1,0
disappoint,1,0
disappointed,1,0
disappointedly,1,0
disappointing,1,0
disappointingly,1,0
disappointment,1,0
disappointments,1,0
disappoints,1,0
disaster,1,0
disasters,1,0
disastrous,1,0
disbelieve,1,0
discard,1,0
discarded,1,0
discarding,1,0
discards,1,0
discomfort,1,0
discomfortable,1,0
discomforted,1,0
discomforting,1,0
discomforts,1,0
disconsolate,1,0
disconsolation,1,0
discontented,1,0
discounted,1,0
discourage,1,0
discourageable,1,0
discouraged,1,0
discouragement,1,0
discouragements,1,0
discourager,1,0
discouragers,1,0
discourages,1,0
discouraging,1,0
discouragingly,1,0
discredited,1,0
disdain,1,0
disgrace,1,0
disgraced,1,0
disguise,1,0
disguised,1,0
disguises,1,0
disguising,1,0
disgust,1,0
disgusted,1,0
disgustedly,1,0
disgustful,1,0
disgusting,1,0
disgustingly,1,0
disgusts,1,0
dishearten,1,0
disheartened,1,0
disheartening,1,0
dishearteningly,1,0
disheartenment,1,0
disheartenments,1,0
disheartens,1,0
dishonest,1,0
disillusion,1,0
disillusioned,1,0
disillusioning,1,0
disillusionment,1,0
disillusionments,1,0
disillusions,1,0
disinclined,1,0
disjointed,1,0
dislike,1,0
disliked,1,0
dislikes,1,0
disliking,1,0
dismal,1,0
dismay,1,0
dismayed,1,0
dismaying,1,0
dismayingly,1,0
dismays,1,0
disorder,1,0
disorganized,1,0
disoriented,1,0
disparage,1,0
disparaged,1,0
disparages,1,0
disparaging,1,0
displeased,1,0
dispute,1,0
disputed,1,0
disputes,1,0
disputing,1,0
disqualified,1,0
disquiet,1,0
disregard,1,0
disregarded,1,0
disregarding,1,0
disregards,1,0
disrespect,1,0
disrespected,1,0
disruption,1,0
disruptions,1,0
disruptive,1,0
dissatisfaction,1,0
dissatisfactions,1,0
dissatisfactory,1,0
dissatisfied,1,0
dissatisfies,1,0
dissatisfy,1,0
dissatisfying,1,0
distort,1,0
distorted,1,0
distorting,1,0
distorts,1,0
distract,1,0
distractable,1,0
distracted,1,0
distractedly,1,0
distractibility,1,0
distractible,1,0
distracting,1,0
distractingly,1,0
distraction,1,0
distractions,1,0
distractive,1,0
distracts,1,0
distraught,1,0
distress,1,0
distressed,1,0
distresses,1,0
distressful,1,0
distressfully,1,0
distressfulness,1,0
distressing,1,0
distressingly,1,0
distrust,1,0
distrusted,1,0
distrustful,1,0
distrustfully,1,0
distrustfulness,1,0
distrusting,1,0
distrusts,1,0
disturb,1,0
disturbance,1,0
disturbances,1,0
disturbed,1,0
disturber,1,0
disturbers,1,0
disturbing,1,0
disturbingly,1,0
disturbs,1,0
divine,0,1
divined,0,1
divinely,0,1
diviner,0,1
diviners,0,1
divines,0,1
divinest,0,1
diving,0,1
divining,0,1
divinise,0,1
divinities,0,1
divinity,0,1
divinize,0,1
doom,1,0
doomed,1,0
doomful,1,0
dooming,1,0
dooms,1,0
doomsayer,1,0
doomsayers,1,0
doomsaying,1,0
doomsayings,1,0
doomsday,1,0
doomsdayer,1,0
doomsdays,1,0
doomster,1,0
doomsters,1,0
doomy,1,0
dork,1,0
dorkier,1,0
dorkiest,1,0
dorks,1,0
dorky,1,0
doubt,1,0
doubtable,1,0
doubted,1,0
doubter,1,0
doubters,1,0
doubtful,1,0
doubtfully,1,0
doubtfulness,1,0
doubting,1,0
doubtingly,1,0
doubtless,1,0
doubtlessly,1,0
doubtlessness,1,0
doubts,1,0
douche,1,0
douchebag,1,0
downcast,1,0
downhearted,1,0
downside,1,0
dread,1,0
dreaded,1,0
dreadful,1,0
dreadfully,1,0
dreadfulness,1,0
dreadfuls,1,0
dreading,1,0
dreadlock,1,0
dreadlocks,1,0
dreadnought,1,0
dreadnoughts,1,0
dreads,1,0
dream,0,1
dreams,0,1
dreary,0,1
droopy,0,1
drop,0,1
drown,1,0
drowned,1,0
drowns,1,0
drunk,1,0
dubious,1,0
dud,1,0
dull,1,0
dullard,1,0
dullards,1,0
dulled,1,0
duller,1,0
dullest,1,0
dulling,1,0
dullish,1,0
dullness,1,0
dullnesses,1,0
dulls,1,0
dullsville,1,0
dully,1,0
dumb,1,0
dumbass,1,0
dumbbell,1,0
dumbbells,1,0
dumbcane,1,0
dumbcanes,1,0
dumbed,1,0
dumber,1,0
dumbest,1,0
dumbfound,1,0
dumbfounded,1,0
dumbfounder,1,0
dumbfounders,1,0
dumbfounding,1,0
dumbfounds,1,0
dumbhead,1,0
dumbheads,1,0
dumbing,1,0
dumbly,1,0
dumbness,1,0
dumbs,1,0
dumbstruck,1,0
dumbwaiter,1,0
dumbwaiters,1,0
dump,1,0
dumpcart,1,0
dumped,1,0
dumper,1,0
dumpers,1,0
dumpier,1,0
dumpiest,1,0
dumpiness,1,0
dumping,1,0
dumpings,1,0
dumpish,1,0
dumpling,1,0
dumplings,1,0
dumps,1,0
dumpster,1,0
dumpsters,1,0
dumpy,1,0
dupe,1,0
duped,1,0
dynamic,1,0
dynamical,1,0
dysfunction,1,0
eager,0,1
eagerly,0,1
eagerness,0,1
eagers,0,1
earnest,0,1
ease,0,1
eased,0,1
easeful,0,1
easefully,0,1
easel,0,1
easement,0,1
easements,0,1
eases,0,1
easier,0,1
easiest,0,1
easily,0,1
easiness,0,1
easing,0,1
easy,0,1
easygoing,0,1
easygoingness,0,1
ecstacy,0,1
ecstasies,0,1
ecstasy,0,1
ecstatic,0,1
ecstatically,0,1
ecstatics,0,1
eerie,0,1
eery,0,1
effective,0,1
effectively,0,1
efficiencies,0,1
efficiency,0,1
efficient,0,1
efficiently,0,1
effin,0,1
elegance,0,1
elegances,0,1
elegancies,0,1
elegancy,0,1
elegant,0,1
elegantly,0,1
embarrass,1,0
embarrassable,1,0
embarrassed,1,0
embarrassedly,1,0
embarrasses,1,0
embarrassing,1,0
embarrassingly,1,0
embarrassment,1,0
embarrassments,1,0
embittered,1,0
embrace,0,1
emergency,0,1
emotional,0,1
empathetic,0,1
emptied,0,1
emptier,0,1
emptiers,0,1
empties,0,1
emptiest,0,1
emptily,0,1
emptiness,0,1
emptinesses,0,1
emptins,0,1
empty,0,1
emptying,0,1
enchanted,0,1
encourage,0,1
encouraged,0,1
encouragement,0,1
encouragements,0,1
encourager,0,1
encouragers,0,1
encourages,0,1
encouraging,0,1
encouragingly,0,1
endorse,0,1
endorsed,0,1
endorsement,0,1
endorses,0,1
enemies,1,0
enemy,1,0
energetic,0,1
energetically,0,1
energetics,0,1
energies,0,1
energise,0,1
energised,0,1
energises,0,1
energising,0,1
energization,0,1
energizations,0,1
energize,0,1
energized,0,1
energizer,0,1
energizers,0,1
energizes,0,1
energizing,0,1
energy,0,1
engage,0,1
engaged,0,1
engagement,0,1
engagements,0,1
enjoy,0,1
enjoyable,0,1
enjoyableness,0,1
enjoyably,0,1
enjoyed,0,1
enjoyer,0,1
enjoyers,0,1
enjoying,0,1
enjoyment,0,1
enjoyments,0,1
enjoys,0,1
enlighten,0,1
enlightened,0,1
enlightening,0,1
enlightens,0,1
enrage,1,0
enraged,1,0
enrages,1,0
enraging,1,0
enrapture,1,0
enslave,1,0
enslaved,1,0
enslaves,1,0
ensure,0,1
ensuring,0,1
enterprising,0,1
entertain,0,1
entertained,0,1
entertainer,0,1
entertainers,0,1
entertaining,0,1
entertainingly,0,1
entertainment,0,1
entertainments,0,1
entertains,0,1
enthuse,0,1
enthused,0,1
enthuses,0,1
enthusiasm,0,1
enthusiasms,0,1
enthusiast,0,1
enthusiastic,0,1
enthusiastically,0,1
enthusiasts,0,1
enthusing,0,1
entitled,0,1
entrusted,0,1
envied,1,0
envier,1,0
enviers,1,0
envies,1,0
envious,1,0
envy,1,0
envying,1,0
envyingly,1,0
erroneous,1,0
error,1,0
errors,1,0
escape,1,0
escapes,1,0
escaping,1,0
esteemed,0,1
ethical,0,1
euphoria,0,1
euphoric,0,1
eviction,1,0
evil,1,0
evildoer,1,0
evildoers,1,0
evildoing,1,0
evildoings,1,0
eviler,1,0
evilest,1,0
eviller,1,0
evillest,1,0
evilly,1,0
evilness,1,0
evils,1,0
exaggerate,1,0
exaggerated,1,0
exaggerates,1,0
exaggerating,1,0
exasperated,1,0
excel,0,1
excelled,0,1
excellence,0,1
excellences,0,1
excellencies,0,1
excellency,0,1
excellent,0,1
excellently,0,1
excelling,0,1
excels,0,1
excelsior,0,1
excitabilities,0,1
excitability,0,1
excitable,0,1
excitableness,0,1
excitant,0,1
excitants,0,1
excitation,0,1
excitations,0,1
excitative,0,1
excitatory,0,1
excite,0,1
excited,0,1
excitedly,0,1
excitement,0,1
excitements,0,1
exciter,0,1
exciters,0,1
excites,0,1
exciting,0,1
excitingly,0,1
exciton,1,0
excitonic,1,0
excitons,1,0
excitor,1,0
exclude,1,0
excluded,1,0
exclusion,1,0
exclusive,1,0
excruciate,1,0
excruciated,1,0
excruciates,1,0
excruciating,1,0
excruciatingly,1,0
excruciation,1,0
excruciations,1,0
excuse,0,1
exhaust,1,0
exhausted,1,0
exhauster,1,0
exhausters,1,0
exhaustibility,1,0
exhaustible,1,0
exhausting,1,0
exhaustion,1,0
exhaustions,1,0
exhaustive,1,0
exhaustively,1,0
exhaustiveness,1,0
exhaustless,1,0
exhaustlessness,1,0
exhausts,1,0
exhilarated,1,0
exhilarates,1,0
exhilarating,1,0
exonerate,1,0
exonerated,1,0
exonerates,1,0
exonerating,1,0
expand,0,1
expands,0,1
expel,1,0
expelled,1,0
expelling,1,0
expels,1,0
exploit,1,0
exploited,1,0
exploiting,1,0
exploits,1,0
exploration,1,0
explorations,1,0
expose,1,0
exposed,1,0
exposes,1,0
exposing,1,0
extend,1,0
extends,1,0
exuberant,1,0
exultant,1,0
exultantly,1,0
fab,0,1
fabulous,0,1
fabulousness,0,1
fad,0,1
fag,1,0
faggot,1,0
faggots,1,0
fail,1,0
failed,1,0
failing,1,0
failingly,1,0
failings,1,0
faille,1,0
fails,1,0
failure,1,0
failures,1,0
fainthearted,1,0
fair,0,1
faith,0,1
faithed,0,1
faithful,0,1
faithfully,0,1
faithfulness,0,1
faithless,0,1
faithlessly,0,1
faithlessness,0,1
faiths,0,1
fake,1,0
fakes,1,0
faking,1,0
fallen,1,0
falling,1,0
falsified,1,0
falsify,1,0
fame,0,1
fan,0,1
fantastic,0,1
fantastical,0,1
fantasticalities,0,1
fantasticality,0,1
fantasticalness,0,1
fantasticate,0,1
fantastico,0,1
farce,0,1
fascinate,0,1
fascinated,0,1
fascinates,0,1
fascination,0,1
fascinating,0,1
fatal,1,0
fatalism,1,0
fatalisms,1,0
fatalist,1,0
fatalistic,1,0
fatalists,1,0
fatalities,1,0
fatality,1,0
fatally,1,0
fatigue,1,0
fatigued,1,0
fatigues,1,0
fatiguing,1,0
fatiguingly,1,0
fault,1,0
faulted,1,0
faultfinder,1,0
faultfinders,1,0
faultfinding,1,0
faultier,1,0
faultiest,1,0
faultily,1,0
faultiness,1,0
faulting,1,0
faultless,1,0
faultlessly,1,0
faultlessness,1,0
faults,1,0
faulty,1,0
fave,0,1
favor,0,1
favorable,0,1
favorableness,0,1
favorably,0,1
favored,0,1
favorer,0,1
favorers,0,1
favoring,0,1
favorite,0,1
favorited,0,1
favorites,0,1
favoritism,0,1
favoritisms,0,1
favors,0,1
favour,0,1
favoured,0,1
favourer,0,1
favourers,0,1
favouring,0,1
favours,0,1
fear,1,0
feared,1,0
fearful,1,0
fearfuller,1,0
fearfullest,1,0
fearfully,1,0
fearfulness,1,0
fearing,1,0
fearless,1,0
fearlessly,1,0
fearlessness,1,0
fears,1,0
fearsome,1,0
ferocious,0,1
ferociously,0,1
ferociousness,0,1
ferocities,0,1
ferocity,0,1
festive,0,1
festively,0,1
festiveness,0,1
festivities,0,1
festivity,0,1
feud,1,0
feudal,1,0
fiasco,1,0
fidgety,1,0
fiery,1,0
fiesta,0,1
fiestas,0,1
fight,1,0
fighter,1,0
fighters,1,0
fighting,1,0
fightings,1,0
fights,1,0
fine,0,1
fire,1,0
fired,1,0
firing,1,0
fit,0,1
fitness,0,1
flagship,0,1
flatter,0,1
flattered,0,1
flatterer,0,1
flatterers,0,1
flatteries,0,1
flattering,0,1
flatteringly,0,1
flatters,0,1
flattery,0,1
flawless,0,1
flawlessly,0,1
flees,0,1
flexibilities,0,1
flexibility,0,1
flexible,0,1
flexibly,0,1
flirtation,0,1
flirtations,0,1
flirtatious,0,1
flirtatiously,0,1
flirtatiousness,0,1
flirted,0,1
flirter,0,1
flirters,0,1
flirtier,0,1
flirtiest,0,1
flirting,0,1
flirts,0,1
flirty,0,1
flop,0,1
flops,0,1
flustered,0,1
focused,0,1
fond,0,1
fondly,0,1
fondness,0,1
fool,1,0
fooled,1,0
fooleries,1,0
foolery,1,0
foolfish,1,0
foolfishes,1,0
foolhardier,1,0
foolhardiest,1,0
foolhardily,1,0
foolhardiness,1,0
foolhardy,1,0
fooling,1,0
foolish,1,0
foolisher,1,0
foolishest,1,0
foolishly,1,0
foolishness,1,0
foolishnesses,1,0
foolproof,1,0
fools,1,0
foolscaps,1,0
forbid,1,0
forbiddance,1,0
forbiddances,1,0
forbidden,1,0
forbidder,1,0
forbidders,1,0
forbidding,1,0
forbiddingly,1,0
forbids,1,0
forced,1,0
foreclosure,1,0
foreclosures,1,0
forgave,1,0
forget,1,0
forgetful,1,0
forgivable,0,1
forgivably,0,1
forgive,0,1
forgiven,0,1
forgiveness,0,1
forgiver,0,1
forgivers,0,1
forgives,0,1
forgiving,0,1
forgivingly,0,1
forgivingness,0,1
forgotten,0,1
fortunate,0,1
fought,1,0
foughten,1,0
frantic,1,0
frantically,1,0
franticness,1,0
fraud,1,0
frauds,1,0
fraudster,1,0
fraudsters,1,0
fraudulence,1,0
fraudulent,1,0
freak,1,0
freaked,1,0
freakier,1,0
freakiest,1,0
freakiness,1,0
freaking,1,0
freakish,1,0
freakishly,1,0
freakishness,1,0
freakout,1,0
freakouts,1,0
freaks,1,0
freaky,1,0
free,0,1
freebase,0,1
freebased,0,1
freebases,0,1
freebasing,0,1
freebee,0,1
freebees,0,1
freebie,0,1
freebies,0,1
freeboard,0,1
freeboards,0,1
freeboot,0,1
freebooter,0,1
freebooters,0,1
freebooting,0,1
freeborn,0,1
freed,0,1
freedman,0,1
freedmen,0,1
freedom,0,1
freedoms,0,1
freedwoman,0,1
freedwomen,0,1
freeform,0,1
freehand,0,1
freehanded,0,1
freehearted,0,1
freehold,0,1
freeholder,0,1
freeholders,0,1
freeholds,0,1
freeing,0,1
freelance,0,1
freelanced,0,1
freelancer,0,1
freelancers,0,1
freelances,0,1
freelancing,0,1
freeload,0,1
freeloaded,0,1
freeloader,0,1
freeloaders,0,1
freeloading,0,1
freeloads,0,1
freely,0,1
freeman,0,1
freemartin,0,1
freemasonries,0,1
freemasonry,0,1
freemen,0,1
freeness,0,1
freenesses,0,1
freer,0,1
freers,0,1
frees,0,1
freesia,0,1
freesias,0,1
freest,0,1
freestanding,0,1
freestyle,0,1
freestyler,0,1
freestylers,0,1
freestyles,0,1
freethinker,0,1
freethinkers,0,1
freethinking,0,1
freeware,0,1
freeway,0,1
freewheel,0,1
freewheeled,0,1
freewheeler,0,1
freewheelers,0,1
freewheeling,0,1
freewheelingly,0,1
freewheels,0,1
freewill,0,1
freewriting,0,1
freeze,0,1
freezers,0,1
freezes,0,1
freezing,0,1
freezingly,0,1
frenzy,0,1
fresh,0,1
friend,0,1
friended,0,1
friending,0,1
friendless,0,1
friendlessness,0,1
friendlier,0,1
friendlies,0,1
friendliest,0,1
friendlily,0,1
friendliness,0,1
friendly,0,1
friends,0,1
friendship,0,1
friendships,0,1
fright,1,0
frighted,1,0
frighten,1,0
frightened,1,0
frightening,1,0
frighteningly,1,0
frightens,1,0
frightful,1,0
frightfully,1,0
frightfulness,1,0
frighting,1,0
frights,1,0
frisky,1,0
frowning,1,0
frustrate,1,0
frustrated,1,0
frustrates,1,0
frustrating,1,0
frustratingly,1,0
frustration,1,0
frustrations,1,0
fuck,1,0
fucked,1,0
fucker,1,0
fuckers,1,0
fuckface,1,0
fuckhead,1,0
fucks,1,0
fucktard,1,0
fud,1,0
fuked,1,0
fuking,1,0
fulfill,0,1
fulfilled,0,1
fulfills,0,1
fun,0,1
funerals,0,1
funky,0,1
funned,0,1
funner,0,1
funnest,0,1
funnier,0,1
funnies,0,1
funniest,0,1
funnily,0,1
funniness,0,1
funninesses,0,1
funning,0,1
funny,0,1
funnyman,0,1
funnymen,0,1
furious,1,0
furiously,1,0
fury,1,0
gains,0,1
gallant,0,1
gallantly,0,1
gallantry,0,1
geek,0,1
geekier,0,1
geekiest,0,1
geeks,0,1
geeky,0,1
generosities,0,1
generosity,0,1
generous,0,1
generously,0,1
generousness,0,1
genial,0,1
gentle,0,1
gentler,0,1
gentlest,0,1
gently,0,1
ghost,0,1
giddy,0,1
gift,0,1
giggle,0,1
giggled,0,1
giggler,0,1
gigglers,0,1
giggles,0,1
gigglier,0,1
giggliest,0,1
giggling,0,1
gigglingly,0,1
giggly,0,1
giver,0,1
givers,0,1
giving,0,1
glad,0,1
gladly,0,1
glamor,0,1
glamorise,0,1
glamorised,0,1
glamorises,0,1
glamorising,0,1
glamorization,0,1
glamorize,0,1
glamorized,0,1
glamorizer,0,1
glamorizers,0,1
glamorizes,0,1
glamorizing,0,1
glamorous,0,1
glamorously,0,1
glamors,0,1
glamour,0,1
glamourize,0,1
glamourless,0,1
glamourous,0,1
glamours,0,1
glee,0,1
gleeful,0,1
gloom,0,1
gloomed,0,1
gloomful,0,1
gloomier,0,1
gloomiest,0,1
gloominess,0,1
gloominesses,0,1
glooming,0,1
glooms,0,1
gloomy,0,1
gloried,0,1
glories,0,1
glorification,0,1
glorified,0,1
glorifier,0,1
glorifiers,0,1
glorifies,0,1
glorify,0,1
glorifying,0,1
gloriole,0,1
glorioles,0,1
glorious,0,1
gloriously,0,1
gloriousness,0,1
glory,0,1
good,0,1
goodness,0,1
gorgeous,0,1
gorgeously,0,1
gorgeousness,0,1
gorgeousnesses,0,1
grace,0,1
graced,0,1
graceful,0,1
gracefuller,0,1
gracefullest,0,1
gracefully,0,1
gracefulness,0,1
graces,0,1
gracile,0,1
graciles,0,1
gracilis,0,1
gracility,0,1
gracing,0,1
gracioso,0,1
gracious,0,1
graciously,0,1
graciousness,0,1
grand,0,1
grandee,0,1
grandees,0,1
grander,0,1
grandest,0,1
grandeur,0,1
grandeurs,0,1
grant,0,1
granted,0,1
granting,0,1
grants,0,1
grateful,0,1
gratefuller,0,1
gratefully,0,1
gratefulness,0,1
graticule,0,1
graticules,0,1
gratification,0,1
gratifications,0,1
gratified,0,1
gratifies,0,1
gratify,0,1
gratifying,0,1
gratifyingly,0,1
gratin,0,1
grating,0,1
gratingly,0,1
gratings,0,1
gratins,0,1
gratis,0,1
gratitude,0,1
great,0,1
greater,0,1
greatest,0,1
greed,1,0
greedier,1,0
greediest,1,0
greedily,1,0
greediness,1,0
greeds,1,0
greedy,1,0
grief,1,0
grievance,1,0
grievances,1,0
grievant,1,0
grievants,1,0
grieve,1,0
grieved,1,0
griever,1,0
grievers,1,0
grieves,1,0
grieving,1,0
grievous,1,0
grievously,1,0
grievousness,1,0
grim,1,0
grimace,1,0
grimaced,1,0
grimaces,1,0
grimacing,1,0
grimalkin,1,0
grimalkins,1,0
grime,1,0
grimed,1,0
grimes,1,0
grimier,1,0
grimiest,1,0
grimily,1,0
griminess,1,0
griming,1,0
grimly,1,0
grimmer,1,0
grimmest,1,0
grimness,1,0
grimy,1,0
grin,1,0
grinned,1,0
grinner,1,0
grinners,1,0
grinning,1,0
grins,1,0
gross,1,0
grossed,1,0
grosser,1,0
grosses,1,0
grossest,1,0
grossing,1,0
grossly,1,0
grossness,1,0
grossular,1,0
grossularite,1,0
grossularites,1,0
grossulars,1,0
growing,0,1
growth,0,1
guarantee,0,1
guilt,1,0
guiltier,1,0
guiltiest,1,0
guiltily,1,0
guiltiness,1,0
guiltless,1,0
guiltlessly,1,0
guiltlessness,1,0
guilts,1,0
guilty,1,0
gullibility,1,0
gullible,1,0
gun,1,0
handsome,0,1
handsomely,0,1
handsomeness,0,1
handsomer,0,1
handsomest,0,1
hapless,0,1
haplessness,0,1
happier,0,1
happiest,0,1
happily,0,1
happiness,0,1
happing,0,1
happy,0,1
harass,1,0
harassed,1,0
harasser,1,0
harassers,1,0
harasses,1,0
harassing,1,0
harassment,1,0
harassments,1,0
hard,1,0
hardier,1,0
hardship,1,0
hardy,1,0
harm,1,0
harmed,1,0
harmfully,1,0
harmfulness,1,0
harming,1,0
harmless,0,1
harmlessly,0,1
harmlessness,0,1
harmonic,0,1
harmonica,0,1
harmonically,0,1
harmonicas,0,1
harmonicist,0,1
harmonicists,0,1
harmonics,0,1
harmonies,0,1
harmonious,0,1
harmoniously,0,1
harmoniousness,0,1
harmonise,0,1
harmonised,0,1
harmonising,0,1
harmonium,0,1
harmoniums,0,1
harmonization,0,1
harmonizations,0,1
harmonize,0,1
harmonized,0,1
harmonizer,0,1
harmonizers,0,1
harmonizes,0,1
harmonizing,0,1
harmony,0,1
harms,1,0
harried,1,0
harsh,1,0
harsher,1,0
harshest,1,0
hate,1,0
hated,1,0
hateful,1,0
hatefully,1,0
hatefulness,1,0
hater,1,0
haters,1,0
hates,1,0
hating,1,0
hatred,1,0
haunt,1,0
haunted,1,0
haunting,1,0
haunts,1,0
havoc,1,0
healthy,0,1
heartbreak,1,0
heartbreaker,1,0
heartbreakers,1,0
heartbreaking,1,0
heartbreakingly,1,0
heartbreaks,1,0
heartbroken,1,0
heartfelt,1,0
heartless,1,0
heartlessly,1,0
heartlessness,1,0
heartwarming,0,1
heaven,0,1
heavenlier,0,1
heavenliest,0,1
heavenliness,0,1
heavenlinesses,0,1
heavenly,0,1
heavens,0,1
heavenward,0,1
heavenwards,0,1
heavyhearted,0,1
hell,1,0
hellish,1,0
help,1,0
helper,0,1
helpers,0,1
helpful,0,1
helpfully,0,1
helpfulness,0,1
helping,0,1
helpless,0,1
helplessly,0,1
helplessness,0,1
helplessnesses,0,1
helps,0,1
hero,0,1
heroes,0,1
heroic,0,1
heroical,0,1
heroically,0,1
heroicomic,0,1
heroicomical,0,1
heroics,0,1
hesitance,0,1
hesitancies,0,1
hesitancy,0,1
hesitant,0,1
hesitantly,0,1
hesitate,0,1
hesitated,0,1
hesitater,0,1
hesitaters,0,1
hesitates,0,1
hesitating,0,1
hesitatingly,0,1
hesitation,0,1
hesitations,0,1
hid,0,1
hide,0,1
hides,0,1
hiding,0,1
highlight,0,1
hilarious,0,1
honest,0,1
honester,0,1
honestest,0,1
honesties,0,1
honestly,0,1
honesty,0,1
honor,0,1
honorability,0,1
honorable,0,1
honorableness,0,1
honorably,0,1
honoraria,0,1
honoraries,0,1
honorarily,0,1
honorarium,0,1
honorariums,0,1
honorary,0,1
honored,0,1
honoree,0,1
honorees,0,1
honorer,0,1
honorers,0,1
honorific,0,1
honorifically,0,1
honorifics,0,1
honoring,0,1
honors,0,1
honour,0,1
honourable,0,1
honoured,0,1
honourer,0,1
honourers,0,1
honouring,0,1
honours,0,1
hooligan,1,0
hooliganism,1,0
hooligans,1,0
hope,0,1
hoped,0,1
hopeful,0,1
hopefully,0,1
hopefulness,0,1
hopeless,0,1
hopelessly,0,1
hopelessness,0,1
hopes,0,1
hoping,0,1
horrendous,1,0
horrendously,1,0
horrent,1,0
horrible,1,0
horribleness,1,0
horribles,1,0
horribly,1,0
horrid,1,0
horridly,1,0
horridness,1,0
horridnesses,1,0
horrific,1,0
horrifically,1,0
horrified,1,0
horrifies,1,0
horrify,1,0
horrifying,1,0
horrifyingly,1,0
horror,1,0
horrors,1,0
hostile,1,0
hostilely,1,0
hostiles,1,0
hostilities,1,0
hostility,1,0
hug,0,1
huge,0,1
huggable,0,1
hugged,0,1
hugger,0,1
huggers,0,1
hugging,0,1
hugs,0,1
humerous,0,1
humiliate,1,0
humiliated,1,0
humiliates,1,0
humiliating,1,0
humiliatingly,1,0
humiliation,1,0
humiliations,1,0
humor,0,1
humoral,0,1
humored,0,1
humoresque,0,1
humoresques,0,1
humoring,0,1
humorist,0,1
humoristic,0,1
humorists,0,1
humorous,0,1
humorously,0,1
humorousness,0,1
humors,0,1
humour,0,1
humoured,0,1
humouring,0,1
humourous,0,1
hurt,1,0
hurter,1,0
hurters,1,0
hurtful,1,0
hurtfully,1,0
hurtfulness,1,0
hurting,1,0
hurtle,1,0
hurtled,1,0
hurtles,1,0
hurtless,1,0
hurtling,1,0
hurts,1,0
hypocritical,1,0
hysteria,1,0
hysterical,1,0
hysterics,1,0
ideal,0,1
idealess,0,1
idealise,0,1
idealised,0,1
idealises,0,1
idealising,0,1
idealism,0,1
idealisms,0,1
idealist,0,1
idealistic,0,1
idealistically,0,1
idealists,0,1
idealities,0,1
ideality,0,1
idealization,0,1
idealizations,0,1
idealize,0,1
idealized,0,1
idealizer,0,1
idealizers,0,1
idealizes,0,1
idealizing,0,1
idealless,0,1
ideally,0,1
idealogues,0,1
idealogy,0,1
ideals,0,1
idiot,1,0
idiotic,1,0
ignorable,1,0
ignorami,1,0
ignoramus,1,0
ignoramuses,1,0
ignorance,1,0
ignorances,1,0
ignorant,1,0
ignorantly,1,0
ignorantness,1,0
ignore,1,0
ignored,1,0
ignorer,1,0
ignorers,1,0
ignores,1,0
ignoring,1,0
ill,1,0
illegal,1,0
illiteracy,1,0
illness,1,0
illnesses,1,0
imbecile,1,0
immobilized,1,0
immoral,1,0
immoralism,1,0
immoralist,1,0
immoralists,1,0
immoralities,1,0
immorality,1,0
immorally,1,0
immortal,1,0
immune,1,0
impatience,1,0
impatiens,1,0
impatient,1,0
impatiently,1,0
imperfect,1,0
impersonal,1,0
impolite,1,0
impolitely,1,0
impoliteness,1,0
impolitenesses,1,0
importance,1,0
importancies,1,0
importancy,1,0
important,1,0
importantly,1,0
impose,1,0
imposed,1,0
imposes,1,0
imposing,1,0
impotent,1,0
impress,1,0
impressed,1,0
impresses,1,0
impressibility,1,0
impressible,1,0
impressing,1,0
impression,1,0
impressionable,1,0
impressionism,1,0
impressionisms,1,0
impressionist,1,0
impressionistic,1,0
impressionistically,1,0
impressionists,1,0
impressions,1,0
impressive,1,0
impressively,1,0
impressiveness,1,0
impressment,1,0
impressments,1,0
impressure,1,0
imprisoned,1,0
improve,1,0
improved,1,0
improvement,1,0
improvements,1,0
improver,1,0
improvers,1,0
improves,1,0
improving,1,0
inability,1,0
inadequacies,1,0
inadequacy,1,0
inadequate,1,0
inadequately,1,0
inadequateness,1,0
inadequatenesses,1,0
incapable,1,0
incapacitated,1,0
incensed,1,0
incentive,1,0
incentives,1,0
incompetence,1,0
incompetent,1,0
inconsiderate,1,0
inconvenience,1,0
inconvenient,1,0
increase,0,1
infected,1,0
inferior,1,0
inferiorities,1,0
inferiority,1,0
inferiorly,1,0
inferiors,1,0
inflamed,1,0
influential,1,0
infringement,1,0
infuriate,1,0
infuriated,1,0
infuriates,1,0
infuriating,1,0
inhibin,1,0
inhibit,1,0
inhibited,1,0
inhibiting,1,0
inhibition,1,0
inhibitions,1,0
inhibitive,1,0
inhibitor,1,0
inhibitors,1,0
inhibitory,1,0
inhibits,1,0
injured,1,0
injury,1,0
injustice,1,0
innocence,1,0
innocency,1,0
innocent,1,0
innocenter,1,0
innocently,1,0
innocents,1,0
innovate,1,0
innovates,1,0
innovation,1,0
innovative,1,0
inquisition,1,0
inquisitive,1,0
insane,1,0
insanity,1,0
insecure,1,0
insecurely,1,0
insecureness,1,0
insecurities,1,0
insecurity,1,0
insensitive,1,0
insensitivity,1,0
insignificant,1,0
insincere,1,0
insincerely,1,0
insincerity,1,0
insipid,0,1
inspiration,0,1
inspirational,0,1
inspirationally,0,1
inspirations,0,1
inspirator,0,1
inspirators,0,1
inspiratory,0,1
inspire,0,1
inspired,0,1
inspirer,0,1
inspirers,0,1
inspires,0,1
inspiring,0,1
inspiringly,0,1
inspirit,0,1
inspirited,0,1
inspiriting,0,1
inspiritingly,0,1
inspirits,0,1
insult,1,0
insulted,1,0
insulter,1,0
insulters,1,0
insulting,1,0
insultingly,1,0
insults,1,0
intact,0,1
integrity,0,1
intellect,0,1
intellection,0,1
intellections,0,1
intellective,0,1
intellectively,0,1
intellects,0,1
intellectual,0,1
intellectualism,0,1
intellectualist,0,1
intellectualistic,0,1
intellectualists,0,1
intellectualities,0,1
intellectuality,0,1
intellectualization,0,1
intellectualize,0,1
intellectualized,0,1
intellectualizes,0,1
intellectualizing,0,1
intellectually,0,1
intellectualness,0,1
intellectuals,0,1
intelligence,0,1
intelligencer,0,1
intelligencers,0,1
intelligences,0,1
intelligent,0,1
intelligential,0,1
intelligently,0,1
intelligentsia,0,1
intelligibility,0,1
intelligible,0,1
intelligibleness,0,1
intelligibly,0,1
intense,0,1
interest,0,1
interested,0,1
interestedly,0,1
interesting,0,1
interestingly,0,1
interestingness,0,1
interests,0,1
interrogated,1,0
interrupt,1,0
interrupted,1,0
interrupter,1,0
interrupters,1,0
interruptible,1,0
interrupting,1,0
interruption,1,0
interruptions,1,0
interruptive,1,0
interruptor,1,0
interrupts,1,0
intimidate,1,0
intimidated,1,0
intimidates,1,0
intimidating,1,0
intimidatingly,1,0
intimidation,1,0
intimidations,1,0
intimidator,1,0
intimidators,1,0
intimidatory,1,0
intricate,1,0
intrigues,1,0
invigorate,1,0
invigorated,1,0
invigorates,1,0
invigorating,1,0
invigoratingly,1,0
invigoration,1,0
invigorations,1,0
invigorator,1,0
invigorators,1,0
invincible,0,1
invite,0,1
inviting,0,1
invulnerable,0,1
irate,0,1
ironic,0,1
irony,0,1
irrational,1,0
irrationalism,1,0
irrationalist,1,0
irrationalists,1,0
irrationalities,1,0
irrationality,1,0
irrationally,1,0
irrationals,1,0
irresistible,1,0
irresolute,1,0
irresponsible,1,0
irreversible,1,0
irritabilities,1,0
irritability,1,0
irritable,1,0
irritableness,1,0
irritably,1,0
irritant,1,0
irritants,1,0
irritate,1,0
irritated,1,0
irritates,1,0
irritating,1,0
irritatingly,1,0
irritation,1,0
irritations,1,0
irritative,1,0
isolatable,1,0
isolate,1,0
isolated,1,0
isolates,1,0
isolation,1,0
isolationism,1,0
isolationist,1,0
isolations,1,0
isolator,1,0
isolators,1,0
itchy,1,0
jackass,1,0
jackasses,1,0
jaded,1,0
jailed,1,0
jaunty,1,0
jealous,1,0
jealousies,1,0
jealously,1,0
jealousness,1,0
jealousy,1,0
jeopardy,1,0
jerk,1,0
jerked,1,0
jerks,1,0
jewel,1,0
jewels,1,0
jocular,1,0
join,1,0
joke,1,0
joked,1,0
joker,1,0
jokes,1,0
jokester,1,0
jokesters,1,0
jokey,1,0
joking,1,0
jollied,0,1
jollier,0,1
jollies,0,1
jolliest,0,1
jollification,0,1
jollifications,0,1
jollify,0,1
jollily,0,1
jolliness,0,1
jollities,0,1
jollity,0,1
jolly,0,1
jollying,0,1
jovial,0,1
joy,0,1
joyance,0,1
joyed,0,1
joyful,0,1
joyfuller,0,1
joyfully,0,1
joyfulness,0,1
joying,0,1
joyless,0,1
joylessly,0,1
joylessness,0,1
joyous,0,1
joyously,0,1
joyousness,0,1
joypop,0,1
joypoppers,0,1
joyridden,0,1
joyride,0,1
joyrider,0,1
joyriders,0,1
joyrides,0,1
joyriding,0,1
joyrode,0,1
joys,0,1
joystick,0,1
joysticks,0,1
jubilant,0,1
jumpy,0,1
justice,0,1
justifiably,0,1
justified,0,1
keen,0,1
keened,0,1
keener,0,1
keeners,0,1
keenest,0,1
keening,0,1
keenly,0,1
keenness,0,1
keens,0,1
kewl,0,1
kidding,0,1
kill,1,0
killdeer,1,0
killdeers,1,0
killdees,1,0
killed,1,0
killer,1,0
killers,1,0
killick,1,0
killie,1,0
killifish,1,0
killifishes,1,0
killing,1,0
killingly,1,0
killings,1,0
killjoy,1,0
killjoys,1,0
killock,1,0
killocks,1,0
kills,1,0
kind,0,1
kinder,0,1
kindly,0,1
kindness,0,1
kindnesses,0,1
kiss,0,1
kissable,0,1
kissably,0,1
kissed,0,1
kisser,0,1
kissers,0,1
kisses,0,1
kissing,0,1
kissy,0,1
kudos,0,1
lack,1,0
lackadaisical,1,0
lag,1,0
lagged,1,0
lagging,1,0
lags,1,0
laidback,1,0
lame,1,0
lamebrain,1,0
lamebrained,1,0
lamebrains,1,0
lamedh,1,0
lamella,1,0
lamellae,1,0
lamellas,1,0
lamellibranch,1,0
lamellibranchs,1,0
lamely,1,0
lameness,1,0
lament,1,0
lamentable,1,0
lamentableness,1,0
lamentably,1,0
lamentation,1,0
lamentations,1,0
lamented,1,0
lamenter,1,0
lamenters,1,0
lamenting,1,0
laments,1,0
lamer,1,0
lames,1,0
lamest,1,0
landmark,1,0
laugh,0,1
laughable,0,1
laughableness,0,1
laughably,0,1
laughed,0,1
laugher,0,1
laughers,0,1
laughing,0,1
laughingly,0,1
laughings,0,1
laughingstocks,0,1
laughs,0,1
laughter,0,1
laughters,0,1
launched,0,1
lazier,1,0
laziest,1,0
lazy,1,0
leak,1,0
leaked,1,0
leave,1,0
leet,1,0
legal,1,0
legally,1,0
lenient,1,0
lethargic,1,0
lethargy,1,0
liabilities,1,0
liability,1,0
liar,1,0
liards,1,0
liars,1,0
libelous,0,1
libertarian,0,1
libertarianism,0,1
libertarianisms,0,1
libertarians,0,1
liberties,0,1
libertinage,0,1
libertine,0,1
libertines,0,1
libertinisms,0,1
liberty,0,1
lied,1,0
lies,1,0
lifesaver,1,0
lighthearted,1,0
like,0,1
likeable,0,1
liked,0,1
likes,0,1
liking,0,1
limitation,0,1
limited,0,1
litigation,0,1
litigious,0,1
livelier,0,1
liveliest,0,1
livelihood,0,1
livelihoods,0,1
livelily,0,1
liveliness,0,1
livelong,0,1
lively,0,1
livid,1,0
loathe,1,0
loathed,1,0
loathes,1,0
loathing,1,0
lobby,1,0
lobbying,1,0
lone,1,0
lonelier,1,0
loneliest,1,0
loneliness,1,0
lonelinesses,1,0
lonely,1,0
loneness,1,0
loner,1,0
loners,1,0
lonesome,1,0
lonesomely,1,0
lonesomeness,1,0
lonesomes,1,0
longing,1,0
longingly,1,0
longings,1,0
loom,1,0
loomed,1,0
looming,1,0
looms,1,0
loose,1,0
looses,1,0
lose,1,0
loser,1,0
losers,1,0
loses,1,0
losing,1,0
loss,1,0
losses,1,0
lossy,1,0
lost,1,0
louse,1,0
loused,1,0
louses,1,0
lousewort,1,0
louseworts,1,0
lousier,1,0
lousiest,1,0
lousily,1,0
lousiness,1,0
lousing,1,0
lousy,1,0
lovable,0,1
love,0,1
loved,0,1
lovelies,0,1
lovely,0,1
lover,0,1
loverly,0,1
lovers,0,1
loves,0,1
loving,0,1
lovingly,0,1
lovingness,0,1
low,1,0
lowball,1,0
lowballed,1,0
lowballing,1,0
lowballs,1,0
lowborn,1,0
lowboys,1,0
lowbred,1,0
lowbrow,1,0
lowbrows,1,0
lowdown,1,0
lowdowns,1,0
lowe,1,0
lowed,1,0
lower,1,0
lowercase,1,0
lowercased,1,0
lowerclassman,1,0
lowered,1,0
lowering,1,0
lowermost,1,0
lowers,1,0
lowery,1,0
lowest,1,0
lowing,1,0
lowish,1,0
lowland,1,0
lowlander,1,0
lowlanders,1,0
lowlands,1,0
lowlier,1,0
lowliest,1,0
lowlife,1,0
lowlifes,1,0
lowlight,1,0
lowlights,1,0
lowlihead,1,0
lowliness,1,0
lowlinesses,1,0
lowlives,1,0
lowly,1,0
lown,1,0
lowness,1,0
lowrider,1,0
lowriders,1,0
lows,1,0
lowse,1,0
loyal,0,1
loyalism,0,1
loyalisms,0,1
loyalist,0,1
loyalists,0,1
loyally,0,1
loyalties,0,1
loyalty,0,1
luck,0,1
lucked,0,1
luckie,0,1
luckier,0,1
luckiest,0,1
luckily,0,1
luckiness,0,1
lucking,0,1
luckless,0,1
lucks,0,1
lucky,0,1
ludicrous,0,1
ludicrously,0,1
ludicrousness,0,1
lugubrious,0,1
lying,1,0
mad,1,0
maddening,1,0
madder,1,0
maddest,1,0
madly,1,0
madness,1,0
magnific,0,1
magnifical,0,1
magnifically,0,1
magnification,0,1
magnifications,0,1
magnificence,0,1
magnificences,0,1
magnificent,0,1
magnificently,0,1
magnifico,0,1
magnificoes,0,1
mandatory,0,1
maniac,1,0
maniacal,1,0
maniacally,1,0
maniacs,1,0
manipulated,1,0
manipulating,1,0
manipulation,1,0
marvel,0,1
marvelous,0,1
marvels,0,1
masochism,1,0
masochisms,1,0
masochist,1,0
masochistic,1,0
masochistically,1,0
masochists,1,0
masterpiece,0,1
masterpieces,0,1
matter,0,1
matters,0,1
mature,0,1
meaningful,0,1
meaningless,0,1
medal,0,1
mediocrity,1,0
meditative,1,0
meh,1,0
mercy,1,0
merit,0,1
merited,0,1
meriting,0,1
meritocracy,0,1
meritocrat,0,1
meritocrats,0,1
meritorious,0,1
meritoriously,0,1
meritoriousness,0,1
merits,0,1
merrier,0,1
merriest,0,1
merrily,0,1
merriment,0,1
merriments,0,1
merriness,0,1
merry,0,1
merrymaker,0,1
merrymakers,0,1
merrymaking,0,1
merrymakings,0,1
merrythought,0,1
merrythoughts,0,1
mess,1,0
messed,1,0
messy,1,0
methodical,1,0
mindless,1,0
miracle,1,0
mirth,1,0
mirthful,1,0
mirthfully,1,0
misbehave,1,0
misbehaved,1,0
misbehaves,1,0
misbehaving,1,0
mischief,1,0
mischiefs,1,0
miser,1,0
miserable,1,0
miserableness,1,0
miserably,1,0
miserere,1,0
misericorde,1,0
misericordes,1,0
miseries,1,0
miserliness,1,0
miserly,1,0
misers,1,0
misery,1,0
misgiving,1,0
misinformation,1,0
misinformed,1,0
misinterpreted,1,0
misleading,1,0
misread,1,0
misreporting,1,0
misrepresentation,1,0
miss,1,0
missed,1,0
misses,1,0
missing,1,0
mistakable,1,0
mistake,1,0
mistaken,1,0
mistakenly,1,0
mistaker,1,0
mistakers,1,0
mistakes,1,0
mistaking,1,0
misunderstand,1,0
misunderstanding,1,0
misunderstands,1,0
misunderstood,1,0
moaning,1,0
moans,1,0
mock,1,0
mocked,1,0
mocker,1,0
mockeries,1,0
mockers,1,0
mockery,1,0
mocking,1,0
mocks,1,0
molest,1,0
molestation,1,0
molestations,1,0
molested,1,0
molester,1,0
molesters,1,0
molesting,1,0
molests,1,0
mooching,1,0
moodier,1,0
moodiest,1,0
moodily,1,0
moodiness,1,0
moodinesses,1,0
moody,1,0
mope,1,0
moping,1,0
moron,1,0
moronic,1,0
moronically,1,0
moronity,1,0
morons,1,0
motherfucker,1,0
motherfucking,1,0
motivate,0,1
motivated,0,1
motivating,0,1
motivation,0,1
mourn,1,0
mourned,1,0
mourner,1,0
mourners,1,0
mournful,1,0
mournfuller,1,0
mournfully,1,0
mournfulness,1,0
mourning,1,0
mourningly,1,0
mourns,1,0
mumpish,1,0
murder,1,0
murdered,1,0
murderee,1,0
murderees,1,0
murderer,1,0
murderers,1,0
murderess,1,0
murderesses,1,0
murdering,1,0
murderous,1,0
murderously,1,0
murderousness,1,0
murders,1,0
naive,1,0
nastic,1,0
nastier,1,0
nasties,1,0
nastiest,1,0
nastily,1,0
nastiness,1,0
nastinesses,1,0
nasturtium,1,0
nasturtiums,1,0
nasty,1,0
natural,0,1
neat,0,1
neaten,0,1
neatened,0,1
neatening,0,1
neatens,0,1
neater,0,1
neatest,0,1
neath,0,1
neatherd,0,1
neatly,0,1
neatness,0,1
neats,0,1
needy,1,0
negative,1,0
negativity,1,0
neglect,1,0
neglected,1,0
neglecter,1,0
neglecters,1,0
neglectful,1,0
neglectfully,1,0
neglectfulness,1,0
neglecting,1,0
neglects,1,0
nerd,1,0
nerdier,1,0
nerdiest,1,0
nerdish,1,0
nerdy,1,0
nerves,1,0
nervous,1,0
nervously,1,0
nervousness,1,0
neurotic,1,0
neurotically,1,0
neuroticism,1,0
neurotics,1,0
nice,1,0
nicely,1,0
niceness,1,0
nicenesses,1,0
nicer,1,0
nicest,1,0
niceties,1,0
nicety,1,0
nifty,1,0
niggas,1,0
nigger,1,0
no,1,0
noble,1,0
noisy,1,0
nonsense,1,0
noob,1,0
nosey,1,0
notorious,1,0
novel,1,0
numb,1,0
numbat,1,0
numbed,1,0
number,1,0
numberable,1,0
numbest,1,0
numbfish,1,0
numbfishes,1,0
numbing,1,0
numbingly,1,0
numbles,1,0
numbly,1,0
numbness,1,0
numbs,1,0
numbskull,1,0
numbskulls,1,0
nurtural,1,0
nurturance,1,0
nurturances,1,0
nurturant,1,0
nurture,1,0
nurtured,1,0
nurturer,1,0
nurturers,1,0
nurtures,1,0
nurturing,1,0
nuts,1,0
obsess,1,0
obsessed,1,0
obsesses,1,0
obsessing,1,0
obsession,1,0
obsessional,1,0
obsessionally,1,0
obsessions,1,0
obsessive,1,0
obsessively,1,0
obsessiveness,1,0
obsessives,1,0
obsolete,1,0
obstacle,1,0
obstacles,1,0
obstinate,1,0
odd,1,0
offence,1,0
offences,1,0
offend,1,0
offended,1,0
offender,1,0
offenders,1,0
offending,1,0
offends,1,0
offense,1,0
offenseless,1,0
offenses,1,0
offensive,1,0
offensively,1,0
offensiveness,1,0
offensives,1,0
offline,1,0
okay,0,1
okays,0,1
ominous,0,1
once-in-a-lifetime,0,1
openness,0,1
opportune,0,1
opportunely,0,1
opportuneness,0,1
opportunism,0,1
opportunisms,0,1
opportunist,0,1
opportunistic,0,1
opportunistically,0,1
opportunists,0,1
opportunities,0,1
opportunity,0,1
oppressed,0,1
oppressive,0,1
optimal,0,1
optimality,0,1
optimally,0,1
optimisation,0,1
optimisations,0,1
optimise,0,1
optimised,0,1
optimises,0,1
optimising,0,1
optimism,0,1
optimisms,0,1
optimist,0,1
optimistic,0,1
optimistically,0,1
optimists,0,1
optimization,0,1
optimizations,0,1
optimize,0,1
optimized,0,1
optimizer,0,1
optimizers,0,1
optimizes,0,1
optimizing,0,1
optionless,0,1
original,0,1
outcry,0,1
outgoing,0,1
outmaneuvered,0,1
outrage,0,1
outraged,0,1
outrageous,0,1
outrageously,0,1
outrageousness,0,1
outrageousnesses,0,1
outrages,0,1
outraging,0,1
outreach,0,1
outstanding,0,1
overjoyed,0,1
overload,0,1
overlooked,0,1
overreact,0,1
overreacted,0,1
overreaction,0,1
overreacts,0,1
oversell,0,1
overselling,0,1
oversells,0,1
oversimplification,0,1
oversimplifies,0,1
oversimplify,0,1
overstatement,0,1
overstatements,0,1
overweight,0,1
overwhelm,0,1
overwhelmed,0,1
overwhelmingly,0,1
overwhelms,0,1
oxymoron,0,1
pain,1,0
pained,1,0
painful,1,0
painfuller,1,0
painfully,1,0
painfulness,1,0
paining,1,0
painless,1,0
painlessly,1,0
painlessness,1,0
pains,1,0
palatable,1,0
palatableness,1,0
palatably,1,0
panic,1,0
panicked,1,0
panicking,1,0
panicky,1,0
panicle,1,0
panicled,1,0
panicles,1,0
panics,1,0
paniculate,1,0
panicums,1,0
paradise,1,0
paradox,1,0
paranoia,1,0
paranoiac,1,0
paranoiacs,1,0
paranoias,1,0
paranoid,1,0
paranoids,1,0
pardon,0,1
pardoned,0,1
pardoning,0,1
pardons,0,1
parley,0,1
partied,0,1
partier,0,1
partiers,0,1
parties,0,1
party,0,1
partyer,0,1
partyers,0,1
partying,0,1
passion,0,1
passional,0,1
passionate,0,1
passionately,0,1
passionateness,0,1
passionflower,0,1
passionflowers,0,1
passionless,0,1
passions,0,1
passive,0,1
passively,0,1
pathetic,0,1
pathetical,0,1
pathetically,0,1
pay,0,1
peace,0,1
peaceable,0,1
peaceableness,0,1
peaceably,0,1
peaceful,0,1
peacefuller,0,1
peacefullest,0,1
peacefully,0,1
peacefulness,0,1
peacekeeper,0,1
peacekeepers,0,1
peacekeeping,0,1
peacekeepings,0,1
peacemaker,0,1
peacemakers,0,1
peacemaking,0,1
peacenik,0,1
peaceniks,0,1
peaces,0,1
peacetime,0,1
peacetimes,0,1
peculiar,0,1
peculiarities,0,1
peculiarity,0,1
peculiarly,0,1
penalty,0,1
pensive,0,1
perfect,0,1
perfecta,0,1
perfectas,0,1
perfected,0,1
perfecter,0,1
perfecters,0,1
perfectest,0,1
perfectibilities,0,1
perfectibility,0,1
perfectible,0,1
perfecting,0,1
perfection,0,1
perfectionism,0,1
perfectionist,0,1
perfectionistic,0,1
perfectionists,0,1
perfections,0,1
perfective,0,1
perfectively,0,1
perfectiveness,0,1
perfectives,0,1
perfectivity,0,1
perfectly,0,1
perfectness,0,1
perfecto,0,1
perfects,0,1
persecutes,1,0
persecuting,1,0
perturbed,1,0
perverse,1,0
perversely,1,0
perverseness,1,0
perversenesses,1,0
perversion,1,0
perversions,1,0
perversities,1,0
perversity,1,0
perversive,1,0
pervert,1,0
perverted,1,0
pervertedly,1,0
pervertedness,1,0
perverter,1,0
perverters,1,0
perverting,1,0
perverts,1,0
pesky,1,0
pessimism,1,0
pessimisms,1,0
pessimist,1,0
pessimistic,1,0
pessimistically,1,0
pessimists,1,0
petrifaction,1,0
petrifactions,1,0
petrification,1,0
petrifications,1,0
petrified,1,0
petrifies,1,0
petrify,1,0
petrifying,1,0
pettier,1,0
pettiest,1,0
petty,1,0
phobia,1,0
phobias,1,0
phobic,1,0
phobics,1,0
picturesque,1,0
pileup,1,0
pique,1,0
piqued,1,0
piss,1,0
pissant,1,0
pissants,1,0
pissed,1,0
pisser,1,0
pissers,1,0
pisses,1,0
pissing,1,0
pissoir,1,0
piteous,1,0
pitiable,1,0
pitiableness,1,0
pitiably,1,0
pitied,1,0
pitier,1,0
pitiers,1,0
pities,1,0
pitiful,1,0
pitifuller,1,0
pitifullest,1,0
pitifully,1,0
pitifulness,1,0
pitiless,1,0
pitilessly,1,0
pitilessness,1,0
pity,1,0
pitying,1,0
pityingly,1,0
pityriasis,1,0
play,0,1
played,0,1
playful,0,1
playfully,0,1
playfulness,0,1
playing,0,1
plays,0,1
pleasant,0,1
pleasanter,0,1
pleasantest,0,1
pleasantly,0,1
pleasantness,0,1
pleasantnesses,0,1
pleasantries,0,1
pleasantry,0,1
please,0,1
pleased,0,1
pleaser,0,1
pleasers,0,1
pleases,0,1
pleasing,0,1
pleasurability,0,1
pleasurable,0,1
pleasurableness,0,1
pleasurably,0,1
pleasure,0,1
pleasured,0,1
pleasureless,0,1
pleasures,0,1
pleasuring,0,1
poised,1,0
poison,1,0
poisoned,1,0
poisoner,1,0
poisoners,1,0
poisoning,1,0
poisonings,1,0
poisonous,1,0
poisonously,1,0
poisons,1,0
poisonwood,1,0
pollute,1,0
polluted,1,0
polluter,1,0
polluters,1,0
pollutes,1,0
poor,1,0
poorer,1,0
poorest,1,0
popular,0,1
popularise,0,1
popularised,0,1
popularises,0,1
popularising,0,1
popularities,0,1
popularity,0,1
popularization,0,1
popularizations,0,1
popularize,0,1
popularized,0,1
popularizer,0,1
popularizers,0,1
popularizes,0,1
popularizing,0,1
popularly,0,1
positive,0,1
positively,0,1
positiveness,0,1
positivenesses,0,1
positiver,0,1
positives,0,1
positivest,0,1
positivism,0,1
positivisms,0,1
positivist,0,1
positivistic,0,1
positivists,0,1
positivities,0,1
positivity,0,1
possessive,1,0
postpone,1,0
postponed,1,0
postpones,1,0
postponing,1,0
poverty,1,0
powerful,1,0
powerless,1,0
praise,0,1
praised,0,1
praiser,0,1
praisers,0,1
praises,0,1
praiseworthily,0,1
praiseworthiness,0,1
praiseworthy,0,1
praising,0,1
pray,0,1
praying,0,1
prays,0,1
prblm,0,1
prblms,0,1
precious,0,1
preciously,0,1
preciousness,0,1
prejudice,0,1
prejudiced,0,1
prejudices,0,1
prejudicial,0,1
prejudicially,0,1
prejudicialness,0,1
prejudicing,0,1
prepared,0,1
pressure,1,0
pressured,1,0
pressureless,1,0
pressures,1,0
pressuring,1,0
pressurise,1,0
pressurised,1,0
pressurises,1,0
pressurising,1,0
pressurizations,1,0
pressurize,1,0
pressurized,1,0
pressurizer,1,0
pressurizers,1,0
pressurizes,1,0
pressurizing,1,0
pretend,1,0
pretending,1,0
pretends,1,0
prettied,0,1
prettier,0,1
pretties,0,1
prettiest,0,1
pretty,0,1
prevent,0,1
prevented,0,1
preventing,0,1
prevents,0,1
prick,1,0
pricked,1,0
pricker,1,0
prickers,1,0
pricket,1,0
prickets,1,0
pricking,1,0
prickle,1,0
prickled,1,0
prickles,1,0
pricklier,1,0
prickliest,1,0
prickliness,1,0
prickling,1,0
prickly,1,0
pricks,1,0
pricky,1,0
pride,1,0
prison,1,0
prisoner,1,0
prisoners,1,0
privilege,1,0
privileged,1,0
privileges,1,0
privileging,1,0
prize,1,0
prized,1,0
prizefight,1,0
prizefighter,1,0
prizefighters,1,0
prizefighting,1,0
prizefights,1,0
prizer,0,1
prizers,0,1
prizes,0,1
prizewinner,0,1
prizewinners,0,1
prizewinning,0,1
proactive,0,1
problem,1,0
problematic,1,0
problematical,1,0
problematically,1,0
problematics,1,0
problems,1,0
profit,1,0
profitabilities,1,0
profitability,1,0
profitable,1,0
profitableness,1,0
profitably,1,0
profited,1,0
profiteer,1,0
profiteered,1,0
profiteering,1,0
profiteers,1,0
profiter,1,0
profiterole,1,0
profiteroles,1,0
profiting,1,0
profitless,1,0
profits,1,0
profitwise,1,0
progress,1,0
prominent,1,0
promiscuities,1,0
promiscuity,1,0
promiscuous,1,0
promiscuously,1,0
promiscuousness,1,0
promise,1,0
promised,1,0
promisee,1,0
promisees,1,0
promiser,1,0
promisers,1,0
promises,1,0
promising,1,0
promisingly,1,0
promisor,1,0
promisors,1,0
promissory,1,0
promote,1,0
promoted,1,0
promotes,1,0
promoting,1,0
propaganda,1,0
prosecute,1,0
prosecuted,1,0
prosecutes,1,0
prosecution,1,0
prospect,1,0
prospects,1,0
prosperous,1,0
protect,1,0
protected,1,0
protects,1,0
protest,1,0
protested,1,0
protesters,1,0
protesting,1,0
protests,1,0
proud,1,0
prouder,1,0
proudest,1,0
proudful,1,0
proudhearted,1,0
proudly,1,0
provoke,1,0
provoked,1,0
provokes,1,0
provoking,1,0
pseudoscience,1,0
puke,1,0
puked,1,0
pukes,1,0
puking,1,0
pukka,1,0
punish,1,0
punishabilities,1,0
punishability,1,0
punishable,1,0
punished,1,0
punisher,1,0
punishers,1,0
punishes,1,0
punishing,1,0
punishment,1,0
punishments,1,0
punitive,1,0
pushy,1,0
puzzled,1,0
quaking,1,0
questionable,1,0
questioned,1,0
questioning,1,0
racism,1,0
racist,1,0
racists,1,0
radian,1,0
radiance,1,0
radiances,1,0
radiancies,1,0
radiancy,0,1
radians,0,1
radiant,0,1
radiantly,0,1
radiants,0,1
rage,1,0
raged,1,0
ragee,1,0
rageful,1,0
rages,1,0
raging,1,0
rainy,1,0
rancid,1,0
rancidity,1,0
rancidly,1,0
rancidness,1,0
rancidnesses,1,0
rant,1,0
ranter,1,0
ranters,1,0
rants,1,0
rape,1,0
raped,1,0
raper,1,0
rapers,1,0
rapes,1,0
rapeseeds,1,0
raping,1,0
rapist,1,0
rapists,1,0
rapture,1,0
raptured,1,0
raptures,1,0
rapturous,1,0
rash,1,0
ratified,1,0
reach,0,1
reached,0,1
reaches,0,1
reaching,0,1
readiness,0,1
ready,0,1
reassurance,0,1
reassurances,0,1
reassure,0,1
reassured,0,1
reassures,0,1
reassuring,0,1
reassuringly,0,1
rebel,1,0
rebeldom,1,0
rebelled,1,0
rebelling,1,0
rebellion,1,0
rebellions,1,0
rebellious,1,0
rebelliously,1,0
rebelliousness,1,0
rebels,1,0
recession,1,0
reckless,1,0
recommend,1,0
recommended,1,0
recommends,1,0
redeemed,1,0
reek,1,0
reeked,1,0
reeker,1,0
reekers,1,0
reeking,1,0
refuse,1,0
refused,1,0
refusing,1,0
regret,1,0
regretful,1,0
regretfully,1,0
regretfulness,1,0
regrets,1,0
regrettable,1,0
regrettably,1,0
regretted,1,0
regretter,1,0
regretters,1,0
regretting,1,0
reinvigorate,1,0
reinvigorated,1,0
reinvigorates,1,0
reinvigorating,1,0
reinvigoration,1,0
reject,1,0
rejected,1,0
rejectee,1,0
rejectees,1,0
rejecter,1,0
rejecters,1,0
rejecting,1,0
rejectingly,1,0
rejection,1,0
rejections,1,0
rejective,1,0
rejector,1,0
rejects,1,0
rejoice,0,1
rejoiced,0,1
rejoices,0,1
rejoicing,0,1
relax,0,1
relaxant,0,1
relaxants,0,1
relaxation,0,1
relaxations,0,1
relaxed,0,1
relaxedly,0,1
relaxedness,0,1
relaxer,0,1
relaxers,0,1
relaxes,0,1
relaxin,0,1
relaxing,0,1
relaxins,0,1
relentless,0,1
reliant,0,1
relief,0,1
reliefs,0,1
relievable,0,1
relieve,0,1
relieved,0,1
relievedly,0,1
reliever,0,1
relievers,0,1
relieves,0,1
relieving,0,1
relievo,0,1
relishing,0,1
reluctance,0,1
reluctancy,0,1
reluctant,0,1
reluctantly,0,1
remarkable,0,1
remorse,0,1
remorseful,0,1
remorsefully,0,1
remorsefulness,0,1
remorseless,0,1
remorselessly,0,1
remorselessness,0,1
repetitive,0,1
repress,0,1
repressed,0,1
represses,0,1
repressible,0,1
repressing,0,1
repression,0,1
repressions,0,1
repressive,0,1
repressively,0,1
repressiveness,0,1
repressor,0,1
repressors,0,1
repressurize,0,1
repressurized,0,1
repressurizes,0,1
repressurizing,0,1
repulse,0,1
repulsed,0,1
rescue,0,1
rescued,0,1
rescues,0,1
resent,1,0
resented,1,0
resentence,1,0
resentenced,1,0
resentences,1,0
resentencing,1,0
resentful,1,0
resentfully,1,0
resentfulness,1,0
resenting,1,0
resentment,1,0
resentments,1,0
resents,1,0
resign,1,0
resignation,1,0
resignations,1,0
resigned,1,0
resignedly,1,0
resignedness,1,0
resigner,1,0
resigners,1,0
resigning,1,0
resigns,1,0
resolute,1,0
resolvable,1,0
resolve,1,0
resolved,1,0
resolvent,1,0
resolvents,1,0
resolver,1,0
resolvers,1,0
resolves,1,0
resolving,1,0
respect,1,0
respectabilities,1,0
respectability,1,0
respectable,1,0
respectableness,1,0
respectably,1,0
respected,1,0
respecter,1,0
respecters,1,0
respectful,1,0
respectfully,1,0
respectfulness,1,0
respectfulnesses,1,0
respecting,1,0
respective,1,0
respectively,1,0
respectiveness,1,0
respects,1,0
responsible,1,0
responsive,1,0
restful,1,0
restless,1,0
restlessly,1,0
restlessness,1,0
restore,1,0
restored,1,0
restores,1,0
restoring,1,0
restrict,1,0
restricted,1,0
restricting,1,0
restriction,1,0
restricts,1,0
retained,1,0
retard,1,0
retarded,1,0
retreat,1,0
revenge,1,0
revenged,1,0
revengeful,1,0
revengefully,1,0
revengefulness,1,0
revenger,1,0
revengers,1,0
revenges,1,0
revered,1,0
revive,1,0
revives,1,0
reward,1,0
rewardable,1,0
rewarded,1,0
rewarder,1,0
rewarders,1,0
rewarding,1,0
rewardingly,1,0
rewards,1,0
rich,1,0
richened,1,0
richening,1,0
richens,1,0
richer,1,0
riches,1,0
richest,1,0
richly,1,0
richness,1,0
richnesses,1,0
richweed,1,0
richweeds,1,0
ridicule,0,1
ridiculed,0,1
ridiculer,0,1
ridiculers,0,1
ridicules,0,1
ridiculing,0,1
ridiculous,0,1
ridiculously,0,1
ridiculousness,0,1
ridiculousnesses,0,1
rig,1,0
rigged,1,0
rigid,1,0
rigidification,1,0
rigidifications,1,0
rigidified,1,0
rigidifies,1,0
rigidify,1,0
rigidities,1,0
rigidity,1,0
rigidly,1,0
rigidness,1,0
rigorous,1,0
rigorously,1,0
riot,1,0
riots,1,0
risk,1,0
risked,1,0
risker,1,0
riskier,1,0
riskiest,1,0
riskily,1,0
riskiness,1,0
riskinesses,1,0
risking,1,0
riskless,1,0
risks,1,0
risky,1,0
rob,1,0
robber,1,0
robed,1,0
robing,1,0
robs,1,0
robust,1,0
roflcopter,1,0
romance,0,1
romanced,0,1
romancer,0,1
romancers,0,1
romances,0,1
romancing,0,1
romantic,0,1
romantically,0,1
romanticise,0,1
romanticised,0,1
romanticises,0,1
romanticising,0,1
romanticism,0,1
romanticisms,0,1
romanticist,0,1
romanticists,0,1
romanticization,0,1
romanticizations,0,1
romanticize,0,1
romanticized,0,1
romanticizes,0,1
romanticizing,0,1
romantics,0,1
rotten,1,0
rude,1,0
rudely,1,0
rudeness,1,0
ruder,1,0
ruderal,1,0
ruderals,1,0
rudesby,1,0
rudest,1,0
ruin,1,0
ruinable,1,0
ruinate,1,0
ruinated,1,0
ruinates,1,0
ruinating,1,0
ruination,1,0
ruinations,1,0
ruined,1,0
ruiner,1,0
ruing,1,0
ruining,1,0
ruinous,1,0
ruinously,1,0
ruinousness,1,0
ruins,1,0
sabotage,1,0
sad,1,0
sadden,1,0
saddened,1,0
saddening,1,0
saddens,1,0
sadder,1,0
saddest,1,0
sadly,1,0
sadness,1,0
safe,0,1
safecracker,0,1
safecrackers,0,1
safecracking,0,1
safecrackings,0,1
safeguard,0,1
safeguarded,0,1
safeguarding,0,1
safeguards,0,1
safekeeping,0,1
safelight,0,1
safelights,0,1
safely,0,1
safeness,0,1
safer,0,1
safes,0,1
safest,0,1
safeties,0,1
safety,0,1
safetyman,0,1
salient,0,1
sappy,0,1
sarcasm,0,1
sarcasms,0,1
sarcastic,0,1
sarcastically,0,1
satisfaction,0,1
satisfactions,0,1
satisfactorily,0,1
satisfactoriness,0,1
satisfactory,0,1
satisfiable,0,1
satisfied,0,1
satisfies,0,1
satisfy,0,1
satisfying,0,1
satisfyingly,0,1
savage,1,0
savaged,1,0
savagely,1,0
savageness,1,0
savagenesses,1,0
savageries,1,0
savagery,1,0
savages,1,0
save,0,1
saved,0,1
scam,1,0
scams,1,0
scandal,1,0
scandalous,1,0
scandals,1,0
scapegoat,1,0
scapegoats,1,0
scare,1,0
scarecrow,1,0
scarecrows,1,0
scared,1,0
scaremonger,1,0
scaremongers,1,0
scarer,1,0
scarers,1,0
scares,1,0
scarey,1,0
scaring,1,0
scary,1,0
sceptic,1,0
sceptical,1,0
scepticism,1,0
sceptics,1,0
scold,1,0
scoop,1,0
scorn,1,0
scornful,1,0
scream,1,0
screamed,1,0
screamers,1,0
screaming,1,0
screams,1,0
screw,1,0
screwball,1,0
screwballs,1,0
screwbean,1,0
screwdriver,1,0
screwdrivers,1,0
screwed,1,0
screwed,1,0
screwer,1,0
screwers,1,0
screwier,1,0
screwiest,1,0
screwiness,1,0
screwing,1,0
screwlike,1,0
screws,1,0
screwup,1,0
screwups,1,0
screwworm,1,0
screwworms,1,0
screwy,1,0
scrumptious,1,0
scrumptiously,1,0
scumbag,1,0
secure,0,1
secured,0,1
securely,0,1
securement,0,1
secureness,0,1
securer,0,1
securers,0,1
secures,0,1
securest,0,1
securing,0,1
securities,0,1
securitization,0,1
securitizations,0,1
securitize,0,1
securitized,0,1
securitizes,0,1
securitizing,0,1
security,0,1
sedition,0,1
seditious,0,1
seduced,0,1
self-confident,0,1
selfish,0,1
selfishly,0,1
selfishness,0,1
selfishnesses,0,1
sentence,0,1
sentenced,0,1
sentences,0,1
sentencing,0,1
sentimental,0,1
sentimentalise,0,1
sentimentalised,0,1
sentimentalising,0,1
sentimentalism,0,1
sentimentalisms,0,1
sentimentalist,0,1
sentimentalists,0,1
sentimentalities,0,1
sentimentality,0,1
sentimentalization,0,1
sentimentalizations,0,1
sentimentalize,0,1
sentimentalized,0,1
sentimentalizes,0,1
sentimentalizing,0,1
sentimentally,0,1
serene,0,1
serious,0,1
seriously,0,1
seriousness,0,1
severe,0,1
severed,0,1
severely,0,1
severeness,0,1
severer,0,1
severest,0,1
sexy,0,1
shake,0,1
shakeable,0,1
shakedown,0,1
shakedowns,0,1
shaken,0,1
shakeout,0,1
shakeouts,0,1
shakers,0,1
shakeup,0,1
shakeups,0,1
shakier,0,1
shakiest,0,1
shakily,0,1
shakiness,0,1
shaking,0,1
shaky,0,1
shame,0,1
shamed,0,1
shamefaced,0,1
shamefacedly,0,1
shamefacedness,0,1
shamefast,0,1
shameful,0,1
shamefully,0,1
shamefulness,0,1
shamefulnesses,0,1
shameless,0,1
shamelessly,0,1
shamelessness,0,1
shamelessnesses,0,1
shames,0,1
share,0,1
shared,0,1
shares,0,1
sharing,0,1
shattered,0,1
shit,1,0
shitake,1,0
shitakes,1,0
shithead,1,0
shitheads,1,0
shits,1,0
shittah,1,0
shitted,1,0
shittier,1,0
shittiest,1,0
shittim,1,0
shittimwood,1,0
shitting,1,0
shitty,1,0
shock,1,0
shockable,1,0
shocked,1,0
shocker,1,0
shockers,1,0
shocking,1,0
shockingly,1,0
shockproof,1,0
shocks,1,0
shook,1,0
shoot,1,0
short-sighted,1,0
short-sightedness,1,0
shortage,1,0
shortages,1,0
shrew,1,0
shy,0,1
shyer,0,1
shying,0,1
shylock,0,1
shylocked,0,1
shylocking,0,1
shylocks,0,1
shyly,0,1
shyness,0,1
shynesses,0,1
shyster,0,1
shysters,0,1
sick,1,0
sicken,1,0
sickened,1,0
sickener,1,0
sickeners,1,0
sickening,1,0
sickeningly,1,0
sickens,1,0
sigh,1,0
significance,1,0
significant,1,0
silencing,1,0
sillibub,1,0
sillier,0,1
sillies,0,1
silliest,0,1
sillily,0,1
sillimanite,0,1
sillimanites,0,1
silliness,0,1
sillinesses,0,1
silly,0,1
sin,0,1
sincere,0,1
sincerely,0,1
sincereness,0,1
sincerer,0,1
sincerest,0,1
sincerities,0,1
sinful,1,0
singleminded,1,0
sinister,1,0
sins,1,0
skeptic,1,0
skeptical,1,0
skeptically,1,0
skepticism,1,0
skepticisms,1,0
skeptics,1,0
slam,1,0
slash,0,1
slashed,0,1
slashes,0,1
slashing,0,1
slavery,1,0
sleeplessness,1,0
slicker,1,0
slickest,1,0
sluggish,1,0
slut,1,0
sluts,1,0
sluttier,1,0
sluttiest,1,0
sluttish,1,0
sluttishly,1,0
sluttishness,1,0
sluttishnesses,1,0
slutty,1,0
smart,0,1
smartass,0,1
smartasses,0,1
smarted,0,1
smarten,0,1
smartened,0,1
smartening,0,1
smartens,0,1
smarter,0,1
smartest,0,1
smartie,0,1
smarties,0,1
smarting,0,1
smartly,0,1
smartness,0,1
smartnesses,0,1
smarts,0,1
smartweed,0,1
smartweeds,0,1
smarty,0,1
smear,0,1
smilax,0,1
smilaxes,0,1
smile,0,1
smiled,0,1
smileless,0,1
smiler,0,1
smiles,0,1
smiley,0,1
smileys,0,1
smiling,0,1
smilingly,0,1
smog,0,1
smother,0,1
smothered,0,1
smothering,0,1
smothers,0,1
smothery,0,1
smug,1,0
smugger,1,0
smuggest,1,0
smuggle,1,0
smuggled,1,0
smuggler,1,0
smugglers,1,0
smuggles,1,0
smuggling,1,0
smugly,1,0
smugness,1,0
smugnesses,1,0
sneaky,1,0
snob,1,0
snobbery,1,0
snobbier,1,0
snobbiest,1,0
snobbily,1,0
snobbish,1,0
snobbishly,1,0
snobbishness,1,0
snobbishnesses,1,0
snobbism,1,0
snobbisms,1,0
snobby,1,0
snobs,1,0
snub,1,0
snubbed,1,0
snubbing,1,0
snubs,1,0
sob,1,0
sobbed,1,0
sobbing,1,0
sobering,1,0
sobs,1,0
sociabilities,1,0
sociability,1,0
sociable,1,0
sociableness,1,0
sociably,1,0
sok,1,0
solemn,0,1
solemnified,0,1
solemnifies,0,1
solemnify,0,1
solemnifying,0,1
solemnities,0,1
solemnity,0,1
solemnization,0,1
solemnize,0,1
solemnized,0,1
solemnizes,0,1
solemnizing,0,1
solemnly,0,1
solid,0,1
solidarity,0,1
solution,0,1
solutions,0,1
solve,0,1
solved,0,1
solves,0,1
solving,0,1
somber,0,1
son-of-a-bitch,0,1
soothe,0,1
soothed,0,1
soothing,0,1
sophisticated,0,1
sore,0,1
sorrow,1,0
sorrowed,1,0
sorrower,1,0
sorrowful,1,0
sorrowfully,1,0
sorrowfulness,1,0
sorrowing,1,0
sorrows,1,0
sorry,1,0
soulmate,1,0
spam,1,0
spammer,1,0
spammers,1,0
spamming,1,0
spark,0,1
sparkle,0,1
sparkles,0,1
sparkling,0,1
special,0,1
speculative,0,1
spirit,0,1
spirited,0,1
spiritless,0,1
spite,0,1
spited,0,1
spiteful,0,1
spitefully,0,1
spitefulness,0,1
spitefulnesses,0,1
spites,0,1
splendent,0,1
splendid,0,1
splendidly,0,1
splendidness,0,1
splendiferous,0,1
splendiferously,0,1
splendiferousness,0,1
splendor,0,1
splendorous,0,1
splendors,0,1
splendour,0,1
splendours,0,1
splendrous,0,1
sprightly,0,1
squelched,0,1
stab,1,0
stabbed,1,0
stable,1,0
stabs,1,0
stall,1,0
stalled,1,0
stalling,1,0
stamina,1,0
stammer,1,0
stammered,1,0
stammerer,1,0
stammerers,1,0
stammering,1,0
stammers,1,0
stampede,1,0
stank,1,0
startle,1,0
startled,1,0
startlement,1,0
startlements,1,0
startler,1,0
startlers,1,0
startles,1,0
startling,1,0
startlingly,1,0
starve,1,0
starved,1,0
starves,1,0
starving,1,0
steadfast,1,0
steal,1,0
stealable,1,0
stealer,1,0
stealers,1,0
stealing,1,0
stealings,1,0
steals,1,0
stealth,0,1
stealthier,0,1
stealthiest,0,1
stealthily,0,1
stealthiness,0,1
stealths,0,1
stealthy,0,1
stench,0,1
stenches,0,1
stenchful,0,1
stenchy,0,1
stereotype,0,1
stereotyped,0,1
stifled,0,1
stimulate,0,1
stimulated,0,1
stimulates,0,1
stimulating,0,1
stingy,1,0
stink,1,0
stinkard,1,0
stinkards,1,0
stinkbug,1,0
stinkbugs,1,0
stinker,1,0
stinkers,1,0
stinkhorn,1,0
stinkhorns,1,0
stinkier,1,0
stinkiest,1,0
stinking,1,0
stinkingly,1,0
stinko,1,0
stinkpot,1,0
stinkpots,1,0
stinks,1,0
stinkweed,1,0
stinkwood,1,0
stinky,1,0
stolen,1,0
stop,1,0
stopped,1,0
stopping,1,0
stops,1,0
stout,1,0
straight,1,0
strain,1,0
strained,1,0
strainer,1,0
strainers,1,0
straining,1,0
strains,1,0
strange,1,0
strangely,1,0
strangled,1,0
strength,1,0
strengthen,1,0
strengthened,1,0
strengthener,1,0
strengtheners,1,0
strengthening,1,0
strengthens,1,0
strengths,1,0
stress,1,0
stressed,1,0
stresses,1,0
stressful,1,0
stressfully,1,0
stressing,1,0
stressless,1,0
stresslessness,1,0
stressor,1,0
stressors,1,0
stricken,1,0
strike,1,0
strikers,1,0
strikes,1,0
strong,0,1
strongbox,0,1
strongboxes,0,1
stronger,0,1
strongest,0,1
stronghold,0,1
strongholds,0,1
strongish,0,1
strongly,0,1
strongman,0,1
strongmen,0,1
strongyl,0,1
strongyles,0,1
strongyloidosis,0,1
strongyls,0,1
struck,0,1
struggle,0,1
struggled,0,1
struggler,0,1
strugglers,0,1
struggles,0,1
struggling,0,1
stubborn,0,1
stubborner,0,1
stubbornest,0,1
stubbornly,0,1
stubbornness,0,1
stubbornnesses,0,1
stuck,0,1
stunk,0,1
stunned,0,1
stunning,0,1
stuns,0,1
stupid,1,0
stupider,1,0
stupidest,1,0
stupidities,1,0
stupidity,1,0
stupidly,1,0
stupidness,1,0
stupidnesses,1,0
stupids,1,0
stutter,1,0
stuttered,1,0
stutterer,1,0
stutterers,1,0
stuttering,1,0
stutters,1,0
suave,1,0
submissive,1,0
submissively,1,0
submissiveness,1,0
substantial,1,0
subversive,1,0
succeed,0,1
succeeded,0,1
succeeder,0,1
succeeders,0,1
succeeding,0,1
succeeds,0,1
success,0,1
successes,0,1
successful,0,1
successfully,0,1
successfulness,0,1
succession,0,1
successional,0,1
successionally,0,1
successions,0,1
successive,0,1
successively,0,1
successiveness,0,1
successor,0,1
successors,0,1
suck,1,0
sucked,1,0
sucker,1,0
suckered,1,0
suckering,1,0
suckers,1,0
sucks,1,0
sucky,1,0
suffer,1,0
suffered,1,0
sufferer,1,0
sufferers,1,0
suffering,1,0
suffers,1,0
suicidal,1,0
suicide,1,0
suing,1,0
sulking,1,0
sulky,1,0
sunny,0,1
sunshine,0,1
sunshiny,0,1
super,0,1
superb,0,1
superior,0,1
superiorities,0,1
superiority,0,1
superiorly,0,1
superiors,0,1
support,0,1
supported,0,1
supporter,0,1
supporters,0,1
supporting,0,1
supportive,0,1
supportiveness,0,1
supports,0,1
sure,0,1
surefire,0,1
surefooted,0,1
surefootedly,0,1
surefootedness,0,1
surely,0,1
sureness,0,1
surer,0,1
surest,0,1
sureties,0,1
surety,0,1
suretyship,0,1
suretyships,0,1
surprisal,0,1
surprisals,0,1
surprise,0,1
surprised,0,1
surpriser,0,1
surprisers,0,1
surprises,0,1
surprising,0,1
surprisingly,0,1
survived,0,1
surviving,0,1
survivor,0,1
suspect,1,0
suspected,1,0
suspecting,1,0
suspects,1,0
suspend,1,0
suspended,1,0
suspicion,1,0
suspicions,1,0
suspicious,1,0
suspiciously,1,0
suspiciousness,1,0
swear,1,0
swearing,1,0
swears,1,0
sweet,0,1
sweetheart,0,1
sweethearts,0,1
sweetie,0,1
sweeties,0,1
sweetly,0,1
sweetness,0,1
sweets,0,1
sympathetic,0,1
sympathy,0,1
talent,0,1
talented,0,1
talentless,0,1
talents,0,1
tense,1,0
tensed,1,0
tensely,1,0
tenseness,1,0
tenser,1,0
tenses,1,0
tensest,1,0
tensing,1,0
tension,1,0
tensional,1,0
tensioned,1,0
tensioner,1,0
tensioners,1,0
tensioning,1,0
tensionless,1,0
tensions,1,0
terrible,1,0
terribleness,1,0
terriblenesses,1,0
terribly,1,0
terrific,1,0
terrifically,1,0
terrified,1,0
terrifies,1,0
terrify,1,0
terrifying,1,0
terror,1,0
terrorise,1,0
terrorised,1,0
terrorises,1,0
terrorising,1,0
terrorism,1,0
terrorisms,1,0
terrorist,1,0
terroristic,1,0
terrorists,1,0
terrorization,1,0
terrorize,1,0
terrorized,1,0
terrorizes,1,0
terrorizing,1,0
terrorless,1,0
terrors,1,0
thank,0,1
thanked,0,1
thankful,0,1
thankfuller,0,1
thankfullest,0,1
thankfully,0,1
thankfulness,0,1
thanks,0,1
thief,1,s
thieve,1,0
thieved,1,0
thieveries,1,0
thievery,1,0
thieves,1,0
thorny,1,0
thoughtful,0,1
thoughtfully,0,1
thoughtfulness,0,1
thoughtless,0,1
threat,1,0
threaten,1,0
threatened,1,0
threatener,1,0
threateners,1,0
threatening,1,0
threateningly,1,0
threatens,1,0
threating,1,0
threats,1,0
thrill,1,0
thrilled,1,0
thriller,1,0
thrillers,1,0
thrilling,1,0
thrillingly,1,0
thrills,1,0
thwarted,1,0
thwarting,1,0
thwarts,1,0
ticked,1,0
timid,0,1
timider,0,1
timidest,0,1
timidities,0,1
timidity,0,1
timidly,0,1
timidness,0,1
timorous,0,1
tired,0,1
tits,0,1
tolerance,0,1
tolerances,0,1
tolerant,0,1
tolerantly,0,1
toothless,0,1
top,0,1
tops,1,0
torn,1,0
torture,1,0
tortured,1,0
torturer,1,0
torturers,1,0
tortures,1,0
torturing,1,0
torturous,1,0
torturously,1,0
totalitarian,1,0
totalitarianism,1,0
tough,1,0
toughed,1,0
toughen,1,0
toughened,1,0
toughening,1,0
toughens,1,0
tougher,1,0
toughest,1,0
toughie,1,0
toughies,1,0
toughing,1,0
toughish,1,0
toughly,1,0
toughness,1,0
toughnesses,1,0
toughs,1,0
toughy,1,0
tout,1,0
touted,1,0
touting,1,0
touts,1,0
tragedian,1,0
tragedians,1,0
tragedienne,1,0
tragediennes,1,0
tragedies,1,0
tragedy,1,0
tragic,1,0
tragical,1,0
tragically,1,0
tragicomedy,1,0
tragicomic,1,0
tragics,1,0
trap,1,0
trapped,1,0
trauma,1,0
traumas,1,0
traumata,1,0
traumatic,1,0
traumatically,1,0
traumatise,1,0
traumatised,1,0
traumatises,1,0
traumatising,1,0
traumatism,1,0
traumatization,1,0
traumatizations,1,0
traumatize,1,0
traumatized,1,0
traumatizes,1,0
traumatizing,1,0
travesty,1,0
treason,1,0
treasonous,1,0
treasurable,0,1
treasure,0,1
treasured,0,1
treasurer,0,1
treasurers,0,1
treasurership,0,1
treasurerships,0,1
treasures,0,1
treasuries,0,1
treasuring,0,1
treasury,0,1
treat,1,0
tremble,1,0
trembled,1,0
trembler,1,0
tremblers,1,0
trembles,1,0
trembling,1,0
trembly,1,0
tremulous,1,0
trick,1,0
tricked,1,0
tricker,1,0
trickeries,1,0
trickers,1,0
trickery,1,0
trickie,1,0
trickier,1,0
trickiest,1,0
trickily,1,0
trickiness,1,0
trickinesses,1,0
tricking,1,0
trickish,1,0
trickishly,1,0
trickishness,1,0
trickled,1,0
trickledown,1,0
trickles,1,0
trickling,1,0
trickly,1,0
tricks,1,0
tricksier,1,0
tricksiness,1,0
trickster,1,0
tricksters,1,0
tricksy,1,0
tricky,1,0
trite,1,0
triumph,0,1
triumphal,0,1
triumphalisms,0,1
triumphalist,0,1
triumphalists,0,1
triumphant,0,1
triumphantly,0,1
triumphed,0,1
triumphing,0,1
triumphs,0,1
trivial,0,1
trivialise,0,1
trivialised,0,1
trivialises,0,1
trivialising,0,1
trivialities,0,1
triviality,0,1
trivialization,0,1
trivializations,0,1
trivialize,0,1
trivialized,0,1
trivializes,0,1
trivializing,0,1
trivially,0,1
trivium,0,1
trouble,1,0
troubled,1,0
troublemaker,1,0
troublemakers,1,0
troublemaking,1,0
troubler,1,0
troublers,1,0
troubles,1,0
troubleshoot,1,0
troubleshooter,1,0
troubleshooters,1,0
troubleshooting,1,0
troubleshoots,1,0
troublesome,1,0
troublesomely,1,0
troublesomeness,1,0
troubling,1,0
troublous,1,0
troublously,1,0
trueness,0,1
truer,0,1
truest,0,1
truly,0,1
trust,0,1
trustability,0,1
trustable,0,1
trustbuster,0,1
trusted,0,1
trustee,0,1
trustees,0,1
trusteeship,0,1
trusteeships,0,1
truster,0,1
trustful,0,1
trustfully,0,1
trustfulness,0,1
trustier,0,1
trusties,0,1
trustiest,0,1
trustily,0,1
trustiness,0,1
trusting,0,1
trustingly,0,1
trustingness,0,1
trustless,0,1
trustor,0,1
trustors,0,1
trusts,0,1
trustworthily,0,1
trustworthiness,0,1
trustworthy,0,1
trusty,0,1
truth,0,1
truthful,0,1
truthfully,0,1
truthfulness,0,1
truths,0,1
tumor,0,1
turmoil,0,1
uglier,1,0
uglies,1,0
ugliest,1,0
uglification,1,0
uglified,1,0
uglifies,1,0
uglify,1,0
uglifying,1,0
uglily,1,0
ugliness,1,0
uglinesses,1,0
ugly,1,0
unacceptable,1,0
unappreciated,1,0
unapproved,1,0
unattractive,1,0
unaware,1,0
unbelievable,1,0
unbelieving,1,0
unbiased,1,0
uncertain,1,0
uncertainly,1,0
uncertainness,1,0
uncertainties,1,0
uncertainty,1,0
unclear,1,0
uncomfortable,1,0
uncomfortably,1,0
uncompelling,1,0
unconcerned,1,0
unconfirmed,1,0
uncontrollability,1,0
uncontrollable,1,0
uncontrollably,1,0
uncontrolled,1,0
unconvinced,1,0
uncredited,1,0
undecided,1,0
underestimate,1,0
underestimated,1,0
underestimates,1,0
undermine,1,0
undermined,1,0
undermines,1,0
undermining,1,0
undeserving,1,0
undesirable,1,0
unease,1,0
uneasier,1,0
uneasiest,1,0
uneasily,1,0
uneasiness,1,0
uneasinesses,1,0
uneasy,1,0
unemployment,1,0
unequal,1,0
unequaled,1,0
unethical,1,0
unfair,1,0
unfocused,1,0
unfortunate,1,0
unfortunately,1,0
unfortunates,1,0
unfriendly,1,0
unfulfilled,1,0
ungrateful,1,0
ungratefully,1,0
ungratefulness,1,0
unhappier,1,0
unhappiest,1,0
unhappily,1,0
unhappiness,1,0
unhappinesses,1,0
unhappy,1,0
unhealthy,1,0
unified,1,0
unimportant,1,0
unimpressed,1,0
unimpressive,1,0
unintelligent,1,0
uninvolved,1,0
uninvolving,1,0
united,1,0
unjust,1,0
unkind,1,0
unlovable,1,0
unloved,1,0
unlovelier,1,0
unloveliest,1,0
unloveliness,1,0
unlovely,1,0
unloving,1,0
unmatched,1,0
unmotivated,1,0
unpleasant,1,0
unprofessional,1,0
unprotected,1,0
unresearched,1,0
unsatisfied,1,0
unsavory,1,0
unsecured,1,0
unsettled,1,0
unsophisticated,1,0
unstable,1,0
unstoppable,1,0
unsuccessful,1,0
unsuccessfully,1,0
unsupported,1,0
unsure,1,0
unsurely,1,0
untarnished,1,0
unwanted,1,0
unwelcome,1,0
unworthy,1,0
upset,1,0
upsets,1,0
upsetter,1,0
upsetters,1,0
upsetting,1,0
uptight,1,0
uptightness,1,0
urgent,1,0
useful,1,0
usefully,1,0
usefulness,1,0
useless,1,0
uselessly,1,0
uselessness,1,0
vague,0,1
vain,0,1
validate,0,1
validated,0,1
validates,0,1
validating,0,1
valuable,0,1
valuableness,0,1
valuables,0,1
valuably,0,1
value,0,1
valued,0,1
values,0,1
valuing,0,1
vanity,0,1
verdict,0,1
verdicts,0,1
vested,0,1
vexation,0,1
vexing,0,1
vibrant,0,1
vicious,0,1
viciously,0,1
viciousness,0,1
viciousnesses,0,1
victim,1,0
victimhood,1,0
victimhoods,1,0
victimise,1,0
victimised,1,0
victimises,1,0
victimising,1,0
victimization,1,0
victimizations,1,0
victimize,1,0
victimized,1,0
victimizer,1,0
victimizers,1,0
victimizes,1,0
victimizing,1,0
victimless,1,0
victimologies,1,0
victimologist,1,0
victimologists,1,0
victimology,1,0
victims,1,0
vigilant,1,0
vigor,1,0
vigorish,1,0
vigorishes,1,0
vigoroso,1,0
vigorously,1,0
vigorousness,1,0
vigors,1,0
vigour,1,0
vigours,1,0
vile,1,0
villain,1,0
villainess,1,0
villainesses,1,0
villainies,1,0
villainous,1,0
villainously,1,0
villainousness,1,0
villains,1,0
villainy,1,0
vindicate,1,0
vindicated,1,0
vindicates,1,0
vindicating,1,0
violate,1,0
violated,1,0
violater,1,0
violaters,1,0
violates,1,0
violating,1,0
violation,1,0
violations,1,0
violative,1,0
violator,1,0
violators,1,0
violence,1,0
violent,1,0
violently,1,0
virtue,1,0
virtueless,1,0
virtues,1,0
virtuosa,1,0
virtuosas,1,0
virtuose,1,0
virtuosi,1,0
virtuosic,1,0
virtuosity,1,0
virtuoso,1,0
virtuosos,1,0
virtuous,1,0
virtuously,1,0
virtuousness,1,0
virulent,1,0
vision,0,1
visionary,0,1
visioning,0,1
visions,0,1
vital,0,1
vitalise,0,1
vitalised,0,1
vitalises,0,1
vitalising,0,1
vitalism,0,1
vitalist,0,1
vitalists,0,1
vitalities,0,1
vitality,0,1
vitalization,0,1
vitalizations,0,1
vitalize,0,1
vitalized,0,1
vitalizes,0,1
vitalizing,0,1
vitally,0,1
vitals,0,1
vitamin,0,1
warm,0,1
warmblooded,0,1
warmed,0,1
warmer,0,1
warmers,0,1
warmest,0,1
warmhearted,0,1
warmheartedness,0,1
warming,0,1
warmish,0,1
warmly,0,1
warmness,0,1
warmonger,0,1
warmongering,0,1
warmongers,0,1
warmouth,0,1
warmouths,0,1
warms,0,1
warmth,0,1
warmup,0,1
warmups,0,1
warn,0,1
warned,0,1
warning,0,1
warnings,0,1
warns,0,1
waste,1,0
wasted,1,0
wasting,1,0
wavering,1,0
weak,1,0
weaken,1,0
weakened,1,0
weakener,1,0
weakeners,1,0
weakening,1,0
weakens,1,0
weaker,1,0
weakest,1,0
weakfish,1,0
weakfishes,1,0
weakhearted,1,0
weakish,1,0
weaklier,1,0
weakliest,1,0
weakling,1,0
weaklings,1,0
weakly,1,0
weakness,1,0
weaknesses,1,0
weakside,1,0
wealth,0,1
wealthier,0,1
wealthiest,0,1
wealthily,0,1
wealthiness,0,1
wealthy,0,1
weepiest,1,0
weeping,1,0
weepings,1,0
weeps,1,0
weepy,1,0
weird,1,0
weirder,1,0
weirdest,1,0
weirdie,1,0
weirdies,1,0
weirdly,1,0
weirdness,1,0
weirdnesses,1,0
weirdo,1,0
weirdoes,1,0
weirdos,1,0
weirds,1,0
weirdy,1,0
welcome,0,1
welcomed,0,1
welcomely,0,1
welcomeness,0,1
welcomer,0,1
welcomers,0,1
welcomes,0,1
welcoming,0,1
well,0,1
welladay,0,1
wellaway,0,1
wellborn,0,1
welldoer,0,1
welldoers,0,1
welled,0,1
wellhead,0,1
wellheads,0,1
wellhole,0,1
wellies,0,1
welling,0,1
wellness,0,1
wells,0,1
wellsite,0,1
wellspring,0,1
wellsprings,0,1
whore,1,0
whored,1,0
whoredom,1,0
whoredoms,1,0
whorehouse,1,0
whorehouses,1,0
whoremaster,1,0
whoremasters,1,0
whoremonger,1,0
whoremongers,1,0
whores,1,0
whoreson,1,0
whoresons,1,0
wicked,1,0
wise,0,1
wiseacre,0,1
wisely,0,1
wiseness,0,1
wisenheimer,0,1
wisenheimers,0,1
wisents,0,1
wiser,0,1
wises,0,1
wisest,0,1
wisewomen,0,1
wish,0,1
wishes,0,1
wishing,0,1
witch,0,1
won,0,1
wonderful,0,1
wonderfully,0,1
wonderfulness,0,1
worried,1,0
worriedly,1,0
worrier,1,0
worriers,1,0
worries,1,0
worriment,1,0
worriments,1,0
worrisome,1,0
worrisomely,1,0
worrisomeness,1,0
worse,1,0
worsen,1,0
worsened,1,0
worsening,1,0
worsens,1,0
worser,1,0
worship,0,1
worshiped,0,1
worshiper,0,1
worshipers,0,1
worshipful,0,1
worshipfully,0,1
worshipfulness,0,1
worshiping,0,1
worshipless,0,1
worshipped,0,1
worshipper,0,1
worshippers,0,1
worshipping,0,1
worships,0,1
worst,1,0
worth,1,0
worthless,1,0
worthwhile,1,0
worthy,0,1
wreck,1,0
wrong,1,0
wronged,1,0
